BEGIN;
CREATE TABLE "attendance" ("id" SERIAL PRIMARY KEY, "date" date NOT NULL, "status" varchar(10) NOT NULL, "remarks" varchar(255) NOT NULL, "created_at" timestamp with time zone NOT NULL, "marked_by_id" bigint NULL REFERENCES "users" ("id") DEFERRABLE INITIALLY DEFERRED, "student_id" bigint NOT NULL REFERENCES "students" ("id") DEFERRABLE INITIALLY DEFERRED, "student_class_id" bigint NOT NULL REFERENCES "classes" ("id") DEFERRABLE INITIALLY DEFERRED);
INSERT INTO "attendance" VALUES(1,'2026-06-19','late','','2026-06-19 17:41:36.181617',1,1,2);
INSERT INTO "attendance" VALUES(2,'2026-06-18','present','','2026-06-19 17:41:36.190651',NULL,1,2);
INSERT INTO "attendance" VALUES(3,'2026-06-17','leave','','2026-06-19 17:41:36.196140',NULL,1,2);
INSERT INTO "attendance" VALUES(4,'2026-06-16','absent','','2026-06-19 17:41:36.201269',NULL,1,2);
INSERT INTO "attendance" VALUES(5,'2026-06-15','leave','','2026-06-19 17:41:36.207974',NULL,1,2);
INSERT INTO "attendance" VALUES(6,'2026-06-13','present','','2026-06-19 17:41:36.213875',NULL,1,2);
INSERT INTO "attendance" VALUES(7,'2026-06-12','present','','2026-06-19 17:41:36.222608',NULL,1,2);
INSERT INTO "attendance" VALUES(8,'2026-06-11','present','','2026-06-19 17:41:36.230236',NULL,1,2);
INSERT INTO "attendance" VALUES(9,'2026-06-10','present','','2026-06-19 17:41:36.234890',NULL,1,2);
INSERT INTO "attendance" VALUES(10,'2026-06-09','present','','2026-06-19 17:41:36.245441',NULL,1,2);
INSERT INTO "attendance" VALUES(11,'2026-06-08','present','','2026-06-19 17:41:36.248993',NULL,1,2);
INSERT INTO "attendance" VALUES(12,'2026-06-06','present','','2026-06-19 17:41:36.253152',NULL,1,2);
INSERT INTO "attendance" VALUES(13,'2026-06-05','present','','2026-06-19 17:41:36.263047',NULL,1,2);
INSERT INTO "attendance" VALUES(14,'2026-06-04','present','','2026-06-19 17:41:36.271186',NULL,1,2);
INSERT INTO "attendance" VALUES(15,'2026-06-03','present','','2026-06-19 17:41:36.275825',NULL,1,2);
INSERT INTO "attendance" VALUES(16,'2026-06-02','present','','2026-06-19 17:41:36.278602',NULL,1,2);
INSERT INTO "attendance" VALUES(17,'2026-06-01','absent','','2026-06-19 17:41:36.281758',NULL,1,2);
INSERT INTO "attendance" VALUES(18,'2026-05-30','present','','2026-06-19 17:41:36.284696',NULL,1,2);
INSERT INTO "attendance" VALUES(19,'2026-05-29','present','','2026-06-19 17:41:36.290069',NULL,1,2);
INSERT INTO "attendance" VALUES(20,'2026-05-28','late','','2026-06-19 17:41:36.293420',NULL,1,2);
INSERT INTO "attendance" VALUES(21,'2026-05-27','present','','2026-06-19 17:41:36.296680',NULL,1,2);
INSERT INTO "attendance" VALUES(22,'2026-05-26','present','','2026-06-19 17:41:36.302273',NULL,1,2);
INSERT INTO "attendance" VALUES(23,'2026-05-25','present','','2026-06-19 17:41:36.309457',NULL,1,2);
INSERT INTO "attendance" VALUES(24,'2026-05-23','present','','2026-06-19 17:41:36.312468',NULL,1,2);
INSERT INTO "attendance" VALUES(25,'2026-05-22','present','','2026-06-19 17:41:36.315572',NULL,1,2);
INSERT INTO "attendance" VALUES(26,'2026-05-21','absent','','2026-06-19 17:41:36.318749',NULL,1,2);
INSERT INTO "attendance" VALUES(27,'2026-06-19','present','','2026-06-19 17:41:36.322371',1,2,2);
INSERT INTO "attendance" VALUES(28,'2026-06-18','leave','','2026-06-19 17:41:36.325252',NULL,2,2);
INSERT INTO "attendance" VALUES(29,'2026-06-17','leave','','2026-06-19 17:41:36.328173',NULL,2,2);
INSERT INTO "attendance" VALUES(30,'2026-06-16','present','','2026-06-19 17:41:36.330971',NULL,2,2);
INSERT INTO "attendance" VALUES(31,'2026-06-15','present','','2026-06-19 17:41:36.334010',NULL,2,2);
INSERT INTO "attendance" VALUES(32,'2026-06-13','present','','2026-06-19 17:41:36.337177',NULL,2,2);
INSERT INTO "attendance" VALUES(33,'2026-06-12','present','','2026-06-19 17:41:36.340824',NULL,2,2);
INSERT INTO "attendance" VALUES(34,'2026-06-11','present','','2026-06-19 17:41:36.343819',NULL,2,2);
INSERT INTO "attendance" VALUES(35,'2026-06-10','present','','2026-06-19 17:41:36.346976',NULL,2,2);
INSERT INTO "attendance" VALUES(36,'2026-06-09','present','','2026-06-19 17:41:36.349876',NULL,2,2);
INSERT INTO "attendance" VALUES(37,'2026-06-08','absent','','2026-06-19 17:41:36.355022',NULL,2,2);
INSERT INTO "attendance" VALUES(38,'2026-06-06','present','','2026-06-19 17:41:36.358718',NULL,2,2);
INSERT INTO "attendance" VALUES(39,'2026-06-05','late','','2026-06-19 17:41:36.361786',NULL,2,2);
INSERT INTO "attendance" VALUES(40,'2026-06-04','present','','2026-06-19 17:41:36.364965',NULL,2,2);
INSERT INTO "attendance" VALUES(41,'2026-06-03','present','','2026-06-19 17:41:36.367727',NULL,2,2);
INSERT INTO "attendance" VALUES(42,'2026-06-02','present','','2026-06-19 17:41:36.371953',NULL,2,2);
INSERT INTO "attendance" VALUES(43,'2026-06-01','late','','2026-06-19 17:41:36.376205',NULL,2,2);
INSERT INTO "attendance" VALUES(44,'2026-05-30','late','','2026-06-19 17:41:36.380033',NULL,2,2);
INSERT INTO "attendance" VALUES(45,'2026-05-29','absent','','2026-06-19 17:41:36.382955',NULL,2,2);
INSERT INTO "attendance" VALUES(46,'2026-05-28','present','','2026-06-19 17:41:36.386458',NULL,2,2);
INSERT INTO "attendance" VALUES(47,'2026-05-27','absent','','2026-06-19 17:41:36.391971',NULL,2,2);
INSERT INTO "attendance" VALUES(48,'2026-05-26','present','','2026-06-19 17:41:36.394862',NULL,2,2);
INSERT INTO "attendance" VALUES(49,'2026-05-25','present','','2026-06-19 17:41:36.397850',NULL,2,2);
INSERT INTO "attendance" VALUES(50,'2026-05-23','present','','2026-06-19 17:41:36.400610',NULL,2,2);
INSERT INTO "attendance" VALUES(51,'2026-05-22','absent','','2026-06-19 17:41:36.403415',NULL,2,2);
INSERT INTO "attendance" VALUES(52,'2026-05-21','present','','2026-06-19 17:41:36.408307',NULL,2,2);
INSERT INTO "attendance" VALUES(53,'2026-06-19','present','','2026-06-19 17:41:36.411922',1,3,2);
INSERT INTO "attendance" VALUES(54,'2026-06-18','present','','2026-06-19 17:41:36.414928',NULL,3,2);
INSERT INTO "attendance" VALUES(55,'2026-06-17','present','','2026-06-19 17:41:36.417752',NULL,3,2);
INSERT INTO "attendance" VALUES(56,'2026-06-16','absent','','2026-06-19 17:41:36.422658',NULL,3,2);
INSERT INTO "attendance" VALUES(57,'2026-06-15','present','','2026-06-19 17:41:36.428340',NULL,3,2);
INSERT INTO "attendance" VALUES(58,'2026-06-13','present','','2026-06-19 17:41:36.432236',NULL,3,2);
INSERT INTO "attendance" VALUES(59,'2026-06-12','present','','2026-06-19 17:41:36.436639',NULL,3,2);
INSERT INTO "attendance" VALUES(60,'2026-06-11','present','','2026-06-19 17:41:36.439961',NULL,3,2);
INSERT INTO "attendance" VALUES(61,'2026-06-10','absent','','2026-06-19 17:41:36.442926',NULL,3,2);
INSERT INTO "attendance" VALUES(62,'2026-06-09','present','','2026-06-19 17:41:36.446315',NULL,3,2);
INSERT INTO "attendance" VALUES(63,'2026-06-08','present','','2026-06-19 17:41:36.449728',NULL,3,2);
INSERT INTO "attendance" VALUES(64,'2026-06-06','late','','2026-06-19 17:41:36.452785',NULL,3,2);
INSERT INTO "attendance" VALUES(65,'2026-06-05','present','','2026-06-19 17:41:36.456882',NULL,3,2);
INSERT INTO "attendance" VALUES(66,'2026-06-04','present','','2026-06-19 17:41:36.460359',NULL,3,2);
INSERT INTO "attendance" VALUES(67,'2026-06-03','present','','2026-06-19 17:41:36.463672',NULL,3,2);
INSERT INTO "attendance" VALUES(68,'2026-06-02','absent','','2026-06-19 17:41:36.466585',NULL,3,2);
INSERT INTO "attendance" VALUES(69,'2026-06-01','present','','2026-06-19 17:41:36.472476',NULL,3,2);
INSERT INTO "attendance" VALUES(70,'2026-05-30','absent','','2026-06-19 17:41:36.476451',NULL,3,2);
INSERT INTO "attendance" VALUES(71,'2026-05-29','leave','','2026-06-19 17:41:36.480868',NULL,3,2);
INSERT INTO "attendance" VALUES(72,'2026-05-28','absent','','2026-06-19 17:41:36.485828',NULL,3,2);
INSERT INTO "attendance" VALUES(73,'2026-05-27','late','','2026-06-19 17:41:36.489531',NULL,3,2);
INSERT INTO "attendance" VALUES(74,'2026-05-26','late','','2026-06-19 17:41:36.492627',NULL,3,2);
INSERT INTO "attendance" VALUES(75,'2026-05-25','present','','2026-06-19 17:41:36.495546',NULL,3,2);
INSERT INTO "attendance" VALUES(76,'2026-05-23','present','','2026-06-19 17:41:36.499206',NULL,3,2);
INSERT INTO "attendance" VALUES(77,'2026-05-22','present','','2026-06-19 17:41:36.503691',NULL,3,2);
INSERT INTO "attendance" VALUES(78,'2026-05-21','present','','2026-06-19 17:41:36.507235',NULL,3,2);
INSERT INTO "attendance" VALUES(79,'2026-06-19','leave','','2026-06-19 17:41:36.510016',1,4,2);
INSERT INTO "attendance" VALUES(80,'2026-06-18','present','','2026-06-19 17:41:36.512839',NULL,4,2);
INSERT INTO "attendance" VALUES(81,'2026-06-17','present','','2026-06-19 17:41:36.516286',NULL,4,2);
INSERT INTO "attendance" VALUES(82,'2026-06-16','present','','2026-06-19 17:41:36.519341',NULL,4,2);
INSERT INTO "attendance" VALUES(83,'2026-06-15','late','','2026-06-19 17:41:36.524521',NULL,4,2);
INSERT INTO "attendance" VALUES(84,'2026-06-13','absent','','2026-06-19 17:41:36.529460',NULL,4,2);
INSERT INTO "attendance" VALUES(85,'2026-06-12','present','','2026-06-19 17:41:36.532397',NULL,4,2);
INSERT INTO "attendance" VALUES(86,'2026-06-11','present','','2026-06-19 17:41:36.535346',NULL,4,2);
INSERT INTO "attendance" VALUES(87,'2026-06-10','absent','','2026-06-19 17:41:36.538978',NULL,4,2);
INSERT INTO "attendance" VALUES(88,'2026-06-09','present','','2026-06-19 17:41:36.542698',NULL,4,2);
INSERT INTO "attendance" VALUES(89,'2026-06-08','absent','','2026-06-19 17:41:36.545520',NULL,4,2);
INSERT INTO "attendance" VALUES(90,'2026-06-06','present','','2026-06-19 17:41:36.548306',NULL,4,2);
INSERT INTO "attendance" VALUES(91,'2026-06-05','absent','','2026-06-19 17:41:36.551302',NULL,4,2);
INSERT INTO "attendance" VALUES(92,'2026-06-04','present','','2026-06-19 17:41:36.555123',NULL,4,2);
INSERT INTO "attendance" VALUES(93,'2026-06-03','late','','2026-06-19 17:41:36.559176',NULL,4,2);
INSERT INTO "attendance" VALUES(94,'2026-06-02','present','','2026-06-19 17:41:36.563035',NULL,4,2);
INSERT INTO "attendance" VALUES(95,'2026-06-01','leave','','2026-06-19 17:41:36.566243',NULL,4,2);
INSERT INTO "attendance" VALUES(96,'2026-05-30','present','','2026-06-19 17:41:36.571054',NULL,4,2);
INSERT INTO "attendance" VALUES(97,'2026-05-29','present','','2026-06-19 17:41:36.576036',NULL,4,2);
INSERT INTO "attendance" VALUES(98,'2026-05-28','present','','2026-06-19 17:41:36.580148',NULL,4,2);
INSERT INTO "attendance" VALUES(99,'2026-05-27','present','','2026-06-19 17:41:36.584662',NULL,4,2);
INSERT INTO "attendance" VALUES(100,'2026-05-26','present','','2026-06-19 17:41:36.589952',NULL,4,2);
INSERT INTO "attendance" VALUES(101,'2026-05-25','absent','','2026-06-19 17:41:36.594959',NULL,4,2);
INSERT INTO "attendance" VALUES(102,'2026-05-23','present','','2026-06-19 17:41:36.597939',NULL,4,2);
INSERT INTO "attendance" VALUES(103,'2026-05-22','leave','','2026-06-19 17:41:36.601048',NULL,4,2);
INSERT INTO "attendance" VALUES(104,'2026-05-21','present','','2026-06-19 17:41:36.605981',NULL,4,2);
INSERT INTO "attendance" VALUES(105,'2026-06-19','present','','2026-06-19 17:41:36.612499',1,5,2);
INSERT INTO "attendance" VALUES(106,'2026-06-18','absent','','2026-06-19 17:41:36.616522',NULL,5,2);
INSERT INTO "attendance" VALUES(107,'2026-06-17','present','','2026-06-19 17:41:36.621348',NULL,5,2);
INSERT INTO "attendance" VALUES(108,'2026-06-16','present','','2026-06-19 17:41:36.624996',NULL,5,2);
INSERT INTO "attendance" VALUES(109,'2026-06-15','present','','2026-06-19 17:41:36.629208',NULL,5,2);
INSERT INTO "attendance" VALUES(110,'2026-06-13','present','','2026-06-19 17:41:36.634080',NULL,5,2);
INSERT INTO "attendance" VALUES(111,'2026-06-12','present','','2026-06-19 17:41:36.638415',NULL,5,2);
INSERT INTO "attendance" VALUES(112,'2026-06-11','present','','2026-06-19 17:41:36.642146',NULL,5,2);
INSERT INTO "attendance" VALUES(113,'2026-06-10','present','','2026-06-19 17:41:36.644968',NULL,5,2);
INSERT INTO "attendance" VALUES(114,'2026-06-09','present','','2026-06-19 17:41:36.647742',NULL,5,2);
INSERT INTO "attendance" VALUES(115,'2026-06-08','absent','','2026-06-19 17:41:36.650628',NULL,5,2);
INSERT INTO "attendance" VALUES(116,'2026-06-06','present','','2026-06-19 17:41:36.654594',NULL,5,2);
INSERT INTO "attendance" VALUES(117,'2026-06-05','leave','','2026-06-19 17:41:36.658525',NULL,5,2);
INSERT INTO "attendance" VALUES(118,'2026-06-04','present','','2026-06-19 17:41:36.661959',NULL,5,2);
INSERT INTO "attendance" VALUES(119,'2026-06-03','present','','2026-06-19 17:41:36.665066',NULL,5,2);
INSERT INTO "attendance" VALUES(120,'2026-06-02','absent','','2026-06-19 17:41:36.667914',NULL,5,2);
INSERT INTO "attendance" VALUES(121,'2026-06-01','leave','','2026-06-19 17:41:36.672032',NULL,5,2);
INSERT INTO "attendance" VALUES(122,'2026-05-30','absent','','2026-06-19 17:41:36.675886',NULL,5,2);
INSERT INTO "attendance" VALUES(123,'2026-05-29','present','','2026-06-19 17:41:36.680069',NULL,5,2);
INSERT INTO "attendance" VALUES(124,'2026-05-28','present','','2026-06-19 17:41:36.684716',NULL,5,2);
INSERT INTO "attendance" VALUES(125,'2026-05-27','absent','','2026-06-19 17:41:36.690286',NULL,5,2);
INSERT INTO "attendance" VALUES(126,'2026-05-26','present','','2026-06-19 17:41:36.694327',NULL,5,2);
INSERT INTO "attendance" VALUES(127,'2026-05-25','present','','2026-06-19 17:41:36.697870',NULL,5,2);
INSERT INTO "attendance" VALUES(128,'2026-05-23','present','','2026-06-19 17:41:36.702597',NULL,5,2);
INSERT INTO "attendance" VALUES(129,'2026-05-22','present','','2026-06-19 17:41:36.706391',NULL,5,2);
INSERT INTO "attendance" VALUES(130,'2026-05-21','late','','2026-06-19 17:41:36.709315',NULL,5,2);
INSERT INTO "attendance" VALUES(131,'2026-06-19','late','','2026-06-19 17:41:36.712338',1,6,2);
INSERT INTO "attendance" VALUES(132,'2026-06-18','absent','','2026-06-19 17:41:36.715774',NULL,6,2);
INSERT INTO "attendance" VALUES(133,'2026-06-17','present','','2026-06-19 17:41:36.719118',NULL,6,2);
INSERT INTO "attendance" VALUES(134,'2026-06-16','present','','2026-06-19 17:41:36.722320',NULL,6,2);
INSERT INTO "attendance" VALUES(135,'2026-06-15','present','','2026-06-19 17:41:36.725429',NULL,6,2);
INSERT INTO "attendance" VALUES(136,'2026-06-13','late','','2026-06-19 17:41:36.728311',NULL,6,2);
INSERT INTO "attendance" VALUES(137,'2026-06-12','present','','2026-06-19 17:41:36.731144',NULL,6,2);
INSERT INTO "attendance" VALUES(138,'2026-06-11','present','','2026-06-19 17:41:36.733980',NULL,6,2);
INSERT INTO "attendance" VALUES(139,'2026-06-10','present','','2026-06-19 17:41:36.739387',NULL,6,2);
INSERT INTO "attendance" VALUES(140,'2026-06-09','present','','2026-06-19 17:41:36.743672',NULL,6,2);
INSERT INTO "attendance" VALUES(141,'2026-06-08','present','','2026-06-19 17:41:36.747039',NULL,6,2);
INSERT INTO "attendance" VALUES(142,'2026-06-06','present','','2026-06-19 17:41:36.750625',NULL,6,2);
INSERT INTO "attendance" VALUES(143,'2026-06-05','leave','','2026-06-19 17:41:36.754190',NULL,6,2);
INSERT INTO "attendance" VALUES(144,'2026-06-04','late','','2026-06-19 17:41:36.757235',NULL,6,2);
INSERT INTO "attendance" VALUES(145,'2026-06-03','late','','2026-06-19 17:41:36.760135',NULL,6,2);
INSERT INTO "attendance" VALUES(146,'2026-06-02','present','','2026-06-19 17:41:36.763123',NULL,6,2);
INSERT INTO "attendance" VALUES(147,'2026-06-01','present','','2026-06-19 17:41:36.766538',NULL,6,2);
INSERT INTO "attendance" VALUES(148,'2026-05-30','present','','2026-06-19 17:41:36.773945',NULL,6,2);
INSERT INTO "attendance" VALUES(149,'2026-05-29','present','','2026-06-19 17:41:36.779560',NULL,6,2);
INSERT INTO "attendance" VALUES(150,'2026-05-28','absent','','2026-06-19 17:41:36.785126',NULL,6,2);
INSERT INTO "attendance" VALUES(151,'2026-05-27','absent','','2026-06-19 17:41:36.795988',NULL,6,2);
INSERT INTO "attendance" VALUES(152,'2026-05-26','present','','2026-06-19 17:41:36.804241',NULL,6,2);
INSERT INTO "attendance" VALUES(153,'2026-05-25','present','','2026-06-19 17:41:36.809282',NULL,6,2);
INSERT INTO "attendance" VALUES(154,'2026-05-23','present','','2026-06-19 17:41:36.813140',NULL,6,2);
INSERT INTO "attendance" VALUES(155,'2026-05-22','absent','','2026-06-19 17:41:36.818694',NULL,6,2);
INSERT INTO "attendance" VALUES(156,'2026-05-21','late','','2026-06-19 17:41:36.823832',NULL,6,2);
INSERT INTO "attendance" VALUES(157,'2026-06-19','present','','2026-06-19 17:41:36.829366',1,7,2);
INSERT INTO "attendance" VALUES(158,'2026-06-18','present','','2026-06-19 17:41:36.834564',NULL,7,2);
INSERT INTO "attendance" VALUES(159,'2026-06-17','present','','2026-06-19 17:41:36.839247',NULL,7,2);
INSERT INTO "attendance" VALUES(160,'2026-06-16','absent','','2026-06-19 17:41:36.845408',NULL,7,2);
INSERT INTO "attendance" VALUES(161,'2026-06-15','present','','2026-06-19 17:41:36.849776',NULL,7,2);
INSERT INTO "attendance" VALUES(162,'2026-06-13','present','','2026-06-19 17:41:36.860210',NULL,7,2);
INSERT INTO "attendance" VALUES(163,'2026-06-12','present','','2026-06-19 17:41:36.866293',NULL,7,2);
INSERT INTO "attendance" VALUES(164,'2026-06-11','present','','2026-06-19 17:41:36.872508',NULL,7,2);
INSERT INTO "attendance" VALUES(165,'2026-06-10','leave','','2026-06-19 17:41:36.877522',NULL,7,2);
INSERT INTO "attendance" VALUES(166,'2026-06-09','absent','','2026-06-19 17:41:36.881941',NULL,7,2);
INSERT INTO "attendance" VALUES(167,'2026-06-08','present','','2026-06-19 17:41:36.888470',NULL,7,2);
INSERT INTO "attendance" VALUES(168,'2026-06-06','leave','','2026-06-19 17:41:36.895097',NULL,7,2);
INSERT INTO "attendance" VALUES(169,'2026-06-05','absent','','2026-06-19 17:41:36.905267',NULL,7,2);
INSERT INTO "attendance" VALUES(170,'2026-06-04','absent','','2026-06-19 17:41:36.910398',NULL,7,2);
INSERT INTO "attendance" VALUES(171,'2026-06-03','present','','2026-06-19 17:41:36.920180',NULL,7,2);
INSERT INTO "attendance" VALUES(172,'2026-06-02','present','','2026-06-19 17:41:36.926258',NULL,7,2);
INSERT INTO "attendance" VALUES(173,'2026-06-01','present','','2026-06-19 17:41:36.933013',NULL,7,2);
INSERT INTO "attendance" VALUES(174,'2026-05-30','late','','2026-06-19 17:41:36.941039',NULL,7,2);
INSERT INTO "attendance" VALUES(175,'2026-05-29','present','','2026-06-19 17:41:36.955082',NULL,7,2);
INSERT INTO "attendance" VALUES(176,'2026-05-28','present','','2026-06-19 17:41:36.960042',NULL,7,2);
INSERT INTO "attendance" VALUES(177,'2026-05-27','late','','2026-06-19 17:41:36.970400',NULL,7,2);
INSERT INTO "attendance" VALUES(178,'2026-05-26','late','','2026-06-19 17:41:36.977377',NULL,7,2);
INSERT INTO "attendance" VALUES(179,'2026-05-25','absent','','2026-06-19 17:41:36.984090',NULL,7,2);
INSERT INTO "attendance" VALUES(180,'2026-05-23','present','','2026-06-19 17:41:36.993292',NULL,7,2);
INSERT INTO "attendance" VALUES(181,'2026-05-22','present','','2026-06-19 17:41:37.000555',NULL,7,2);
INSERT INTO "attendance" VALUES(182,'2026-05-21','present','','2026-06-19 17:41:37.007789',NULL,7,2);
INSERT INTO "attendance" VALUES(183,'2026-06-19','present','','2026-06-19 17:41:37.016951',1,8,2);
INSERT INTO "attendance" VALUES(184,'2026-06-18','absent','','2026-06-19 17:41:37.028473',NULL,8,2);
INSERT INTO "attendance" VALUES(185,'2026-06-17','present','','2026-06-19 17:41:37.037418',NULL,8,2);
INSERT INTO "attendance" VALUES(186,'2026-06-16','present','','2026-06-19 17:41:37.046576',NULL,8,2);
INSERT INTO "attendance" VALUES(187,'2026-06-15','present','','2026-06-19 17:41:37.056480',NULL,8,2);
INSERT INTO "attendance" VALUES(188,'2026-06-13','present','','2026-06-19 17:41:37.064415',NULL,8,2);
INSERT INTO "attendance" VALUES(189,'2026-06-12','present','','2026-06-19 17:41:37.074265',NULL,8,2);
INSERT INTO "attendance" VALUES(190,'2026-06-11','absent','','2026-06-19 17:41:37.083897',NULL,8,2);
INSERT INTO "attendance" VALUES(191,'2026-06-10','late','','2026-06-19 17:41:37.092930',NULL,8,2);
INSERT INTO "attendance" VALUES(192,'2026-06-09','absent','','2026-06-19 17:41:37.102554',NULL,8,2);
INSERT INTO "attendance" VALUES(193,'2026-06-08','absent','','2026-06-19 17:41:37.110287',NULL,8,2);
INSERT INTO "attendance" VALUES(194,'2026-06-06','absent','','2026-06-19 17:41:37.118964',NULL,8,2);
INSERT INTO "attendance" VALUES(195,'2026-06-05','present','','2026-06-19 17:41:37.126852',NULL,8,2);
INSERT INTO "attendance" VALUES(196,'2026-06-04','absent','','2026-06-19 17:41:37.134598',NULL,8,2);
INSERT INTO "attendance" VALUES(197,'2026-06-03','absent','','2026-06-19 17:41:37.140404',NULL,8,2);
INSERT INTO "attendance" VALUES(198,'2026-06-02','present','','2026-06-19 17:41:37.149321',NULL,8,2);
INSERT INTO "attendance" VALUES(199,'2026-06-01','absent','','2026-06-19 17:41:37.155807',NULL,8,2);
INSERT INTO "attendance" VALUES(200,'2026-05-30','present','','2026-06-19 17:41:37.167273',NULL,8,2);
INSERT INTO "attendance" VALUES(201,'2026-05-29','present','','2026-06-19 17:41:37.172509',NULL,8,2);
INSERT INTO "attendance" VALUES(202,'2026-05-28','present','','2026-06-19 17:41:37.176457',NULL,8,2);
INSERT INTO "attendance" VALUES(203,'2026-05-27','present','','2026-06-19 17:41:37.181534',NULL,8,2);
INSERT INTO "attendance" VALUES(204,'2026-05-26','late','','2026-06-19 17:41:37.190795',NULL,8,2);
INSERT INTO "attendance" VALUES(205,'2026-05-25','present','','2026-06-19 17:41:37.198037',NULL,8,2);
INSERT INTO "attendance" VALUES(206,'2026-05-23','present','','2026-06-19 17:41:37.209728',NULL,8,2);
INSERT INTO "attendance" VALUES(207,'2026-05-22','absent','','2026-06-19 17:41:37.216191',NULL,8,2);
INSERT INTO "attendance" VALUES(208,'2026-05-21','present','','2026-06-19 17:41:37.223857',NULL,8,2);
INSERT INTO "attendance" VALUES(209,'2026-06-19','present','','2026-06-19 17:41:37.229751',NULL,9,3);
INSERT INTO "attendance" VALUES(210,'2026-06-18','present','','2026-06-19 17:41:37.235297',NULL,9,3);
INSERT INTO "attendance" VALUES(211,'2026-06-17','present','','2026-06-19 17:41:37.243536',NULL,9,3);
INSERT INTO "attendance" VALUES(212,'2026-06-16','present','','2026-06-19 17:41:37.250714',NULL,9,3);
INSERT INTO "attendance" VALUES(213,'2026-06-15','present','','2026-06-19 17:41:37.257783',NULL,9,3);
INSERT INTO "attendance" VALUES(214,'2026-06-13','late','','2026-06-19 17:41:37.262944',NULL,9,3);
INSERT INTO "attendance" VALUES(215,'2026-06-12','absent','','2026-06-19 17:41:37.266668',NULL,9,3);
INSERT INTO "attendance" VALUES(216,'2026-06-11','present','','2026-06-19 17:41:37.271042',NULL,9,3);
INSERT INTO "attendance" VALUES(217,'2026-06-10','present','','2026-06-19 17:41:37.276145',NULL,9,3);
INSERT INTO "attendance" VALUES(218,'2026-06-09','absent','','2026-06-19 17:41:37.281199',NULL,9,3);
INSERT INTO "attendance" VALUES(219,'2026-06-08','present','','2026-06-19 17:41:37.286410',NULL,9,3);
INSERT INTO "attendance" VALUES(220,'2026-06-06','present','','2026-06-19 17:41:37.290624',NULL,9,3);
INSERT INTO "attendance" VALUES(221,'2026-06-05','late','','2026-06-19 17:41:37.294093',NULL,9,3);
INSERT INTO "attendance" VALUES(222,'2026-06-04','present','','2026-06-19 17:41:37.297499',NULL,9,3);
INSERT INTO "attendance" VALUES(223,'2026-06-03','present','','2026-06-19 17:41:37.301366',NULL,9,3);
INSERT INTO "attendance" VALUES(224,'2026-06-02','present','','2026-06-19 17:41:37.304847',NULL,9,3);
INSERT INTO "attendance" VALUES(225,'2026-06-01','absent','','2026-06-19 17:41:37.308379',NULL,9,3);
INSERT INTO "attendance" VALUES(226,'2026-05-30','present','','2026-06-19 17:41:37.311135',NULL,9,3);
INSERT INTO "attendance" VALUES(227,'2026-05-29','present','','2026-06-19 17:41:37.316827',NULL,9,3);
INSERT INTO "attendance" VALUES(228,'2026-05-28','present','','2026-06-19 17:41:37.320366',NULL,9,3);
INSERT INTO "attendance" VALUES(229,'2026-05-27','present','','2026-06-19 17:41:37.325081',NULL,9,3);
INSERT INTO "attendance" VALUES(230,'2026-05-26','present','','2026-06-19 17:41:37.329206',NULL,9,3);
INSERT INTO "attendance" VALUES(231,'2026-05-25','absent','','2026-06-19 17:41:37.332696',NULL,9,3);
INSERT INTO "attendance" VALUES(232,'2026-05-23','absent','','2026-06-19 17:41:37.336082',NULL,9,3);
INSERT INTO "attendance" VALUES(233,'2026-05-22','absent','','2026-06-19 17:41:37.339669',NULL,9,3);
INSERT INTO "attendance" VALUES(234,'2026-05-21','present','','2026-06-19 17:41:37.342830',NULL,9,3);
INSERT INTO "attendance" VALUES(235,'2026-06-19','leave','','2026-06-19 17:41:37.346923',NULL,10,3);
INSERT INTO "attendance" VALUES(236,'2026-06-18','late','','2026-06-19 17:41:37.350510',NULL,10,3);
INSERT INTO "attendance" VALUES(237,'2026-06-17','present','','2026-06-19 17:41:37.354133',NULL,10,3);
INSERT INTO "attendance" VALUES(238,'2026-06-16','late','','2026-06-19 17:41:37.357021',NULL,10,3);
INSERT INTO "attendance" VALUES(239,'2026-06-15','present','','2026-06-19 17:41:37.360564',NULL,10,3);
INSERT INTO "attendance" VALUES(240,'2026-06-13','present','','2026-06-19 17:41:37.364420',NULL,10,3);
INSERT INTO "attendance" VALUES(241,'2026-06-12','present','','2026-06-19 17:41:37.367641',NULL,10,3);
INSERT INTO "attendance" VALUES(242,'2026-06-11','present','','2026-06-19 17:41:37.372182',NULL,10,3);
INSERT INTO "attendance" VALUES(243,'2026-06-10','present','','2026-06-19 17:41:37.375202',NULL,10,3);
INSERT INTO "attendance" VALUES(244,'2026-06-09','present','','2026-06-19 17:41:37.378621',NULL,10,3);
INSERT INTO "attendance" VALUES(245,'2026-06-08','present','','2026-06-19 17:41:37.381843',NULL,10,3);
INSERT INTO "attendance" VALUES(246,'2026-06-06','present','','2026-06-19 17:41:37.384956',NULL,10,3);
INSERT INTO "attendance" VALUES(247,'2026-06-05','present','','2026-06-19 17:41:37.388525',NULL,10,3);
INSERT INTO "attendance" VALUES(248,'2026-06-04','leave','','2026-06-19 17:41:37.392046',NULL,10,3);
INSERT INTO "attendance" VALUES(249,'2026-06-03','present','','2026-06-19 17:41:37.395432',NULL,10,3);
INSERT INTO "attendance" VALUES(250,'2026-06-02','present','','2026-06-19 17:41:37.400313',NULL,10,3);
INSERT INTO "attendance" VALUES(251,'2026-06-01','present','','2026-06-19 17:41:37.404540',NULL,10,3);
INSERT INTO "attendance" VALUES(252,'2026-05-30','present','','2026-06-19 17:41:37.408556',NULL,10,3);
INSERT INTO "attendance" VALUES(253,'2026-05-29','late','','2026-06-19 17:41:37.412462',NULL,10,3);
INSERT INTO "attendance" VALUES(254,'2026-05-28','present','','2026-06-19 17:41:37.418485',NULL,10,3);
INSERT INTO "attendance" VALUES(255,'2026-05-27','present','','2026-06-19 17:41:37.423964',NULL,10,3);
INSERT INTO "attendance" VALUES(256,'2026-05-26','absent','','2026-06-19 17:41:37.427698',NULL,10,3);
INSERT INTO "attendance" VALUES(257,'2026-05-25','present','','2026-06-19 17:41:37.434001',NULL,10,3);
INSERT INTO "attendance" VALUES(258,'2026-05-23','present','','2026-06-19 17:41:37.437938',NULL,10,3);
INSERT INTO "attendance" VALUES(259,'2026-05-22','leave','','2026-06-19 17:41:37.441326',NULL,10,3);
INSERT INTO "attendance" VALUES(260,'2026-05-21','absent','','2026-06-19 17:41:37.445353',NULL,10,3);
INSERT INTO "attendance" VALUES(261,'2026-06-19','present','','2026-06-19 17:41:37.448959',NULL,11,3);
INSERT INTO "attendance" VALUES(262,'2026-06-18','present','','2026-06-19 17:41:37.451993',NULL,11,3);
INSERT INTO "attendance" VALUES(263,'2026-06-17','present','','2026-06-19 17:41:37.455166',NULL,11,3);
INSERT INTO "attendance" VALUES(264,'2026-06-16','late','','2026-06-19 17:41:37.458076',NULL,11,3);
INSERT INTO "attendance" VALUES(265,'2026-06-15','present','','2026-06-19 17:41:37.461000',NULL,11,3);
INSERT INTO "attendance" VALUES(266,'2026-06-13','present','','2026-06-19 17:41:37.463815',NULL,11,3);
INSERT INTO "attendance" VALUES(267,'2026-06-12','leave','','2026-06-19 17:41:37.466818',NULL,11,3);
INSERT INTO "attendance" VALUES(268,'2026-06-11','leave','','2026-06-19 17:41:37.469960',NULL,11,3);
INSERT INTO "attendance" VALUES(269,'2026-06-10','present','','2026-06-19 17:41:37.475102',NULL,11,3);
INSERT INTO "attendance" VALUES(270,'2026-06-09','leave','','2026-06-19 17:41:37.478983',NULL,11,3);
INSERT INTO "attendance" VALUES(271,'2026-06-08','absent','','2026-06-19 17:41:37.482242',NULL,11,3);
INSERT INTO "attendance" VALUES(272,'2026-06-06','leave','','2026-06-19 17:41:37.485246',NULL,11,3);
INSERT INTO "attendance" VALUES(273,'2026-06-05','absent','','2026-06-19 17:41:37.490970',NULL,11,3);
INSERT INTO "attendance" VALUES(274,'2026-06-04','present','','2026-06-19 17:41:37.494343',NULL,11,3);
INSERT INTO "attendance" VALUES(275,'2026-06-03','present','','2026-06-19 17:41:37.499260',NULL,11,3);
INSERT INTO "attendance" VALUES(276,'2026-06-02','late','','2026-06-19 17:41:37.505383',NULL,11,3);
INSERT INTO "attendance" VALUES(277,'2026-06-01','leave','','2026-06-19 17:41:37.509077',NULL,11,3);
INSERT INTO "attendance" VALUES(278,'2026-05-30','present','','2026-06-19 17:41:37.512298',NULL,11,3);
INSERT INTO "attendance" VALUES(279,'2026-05-29','present','','2026-06-19 17:41:37.515515',NULL,11,3);
INSERT INTO "attendance" VALUES(280,'2026-05-28','present','','2026-06-19 17:41:37.518590',NULL,11,3);
INSERT INTO "attendance" VALUES(281,'2026-05-27','present','','2026-06-19 17:41:37.522621',NULL,11,3);
INSERT INTO "attendance" VALUES(282,'2026-05-26','present','','2026-06-19 17:41:37.525659',NULL,11,3);
INSERT INTO "attendance" VALUES(283,'2026-05-25','absent','','2026-06-19 17:41:37.529309',NULL,11,3);
INSERT INTO "attendance" VALUES(284,'2026-05-23','present','','2026-06-19 17:41:37.533355',NULL,11,3);
INSERT INTO "attendance" VALUES(285,'2026-05-22','present','','2026-06-19 17:41:37.536956',NULL,11,3);
INSERT INTO "attendance" VALUES(286,'2026-05-21','present','','2026-06-19 17:41:37.539986',NULL,11,3);
INSERT INTO "attendance" VALUES(287,'2026-06-19','present','','2026-06-19 17:41:37.543551',NULL,12,3);
INSERT INTO "attendance" VALUES(288,'2026-06-18','absent','','2026-06-19 17:41:37.546426',NULL,12,3);
INSERT INTO "attendance" VALUES(289,'2026-06-17','late','','2026-06-19 17:41:37.549191',NULL,12,3);
INSERT INTO "attendance" VALUES(290,'2026-06-16','present','','2026-06-19 17:41:37.554242',NULL,12,3);
INSERT INTO "attendance" VALUES(291,'2026-06-15','present','','2026-06-19 17:41:37.558104',NULL,12,3);
INSERT INTO "attendance" VALUES(292,'2026-06-13','present','','2026-06-19 17:41:37.561322',NULL,12,3);
INSERT INTO "attendance" VALUES(293,'2026-06-12','present','','2026-06-19 17:41:37.565980',NULL,12,3);
INSERT INTO "attendance" VALUES(294,'2026-06-11','absent','','2026-06-19 17:41:37.569457',NULL,12,3);
INSERT INTO "attendance" VALUES(295,'2026-06-10','present','','2026-06-19 17:41:37.573206',NULL,12,3);
INSERT INTO "attendance" VALUES(296,'2026-06-09','present','','2026-06-19 17:41:37.576023',NULL,12,3);
INSERT INTO "attendance" VALUES(297,'2026-06-08','absent','','2026-06-19 17:41:37.578842',NULL,12,3);
INSERT INTO "attendance" VALUES(298,'2026-06-06','present','','2026-06-19 17:41:37.583066',NULL,12,3);
INSERT INTO "attendance" VALUES(299,'2026-06-05','late','','2026-06-19 17:41:37.586225',NULL,12,3);
INSERT INTO "attendance" VALUES(300,'2026-06-04','present','','2026-06-19 17:41:37.589645',NULL,12,3);
INSERT INTO "attendance" VALUES(301,'2026-06-03','absent','','2026-06-19 17:41:37.592593',NULL,12,3);
INSERT INTO "attendance" VALUES(302,'2026-06-02','present','','2026-06-19 17:41:37.596896',NULL,12,3);
INSERT INTO "attendance" VALUES(303,'2026-06-01','present','','2026-06-19 17:41:37.600570',NULL,12,3);
INSERT INTO "attendance" VALUES(304,'2026-05-30','absent','','2026-06-19 17:41:37.604437',NULL,12,3);
INSERT INTO "attendance" VALUES(305,'2026-05-29','absent','','2026-06-19 17:41:37.608648',NULL,12,3);
INSERT INTO "attendance" VALUES(306,'2026-05-28','absent','','2026-06-19 17:41:37.611717',NULL,12,3);
INSERT INTO "attendance" VALUES(307,'2026-05-27','present','','2026-06-19 17:41:37.615543',NULL,12,3);
INSERT INTO "attendance" VALUES(308,'2026-05-26','late','','2026-06-19 17:41:37.618470',NULL,12,3);
INSERT INTO "attendance" VALUES(309,'2026-05-25','present','','2026-06-19 17:41:37.621982',NULL,12,3);
INSERT INTO "attendance" VALUES(310,'2026-05-23','present','','2026-06-19 17:41:37.624917',NULL,12,3);
INSERT INTO "attendance" VALUES(311,'2026-05-22','present','','2026-06-19 17:41:37.628703',NULL,12,3);
INSERT INTO "attendance" VALUES(312,'2026-05-21','present','','2026-06-19 17:41:37.632295',NULL,12,3);
INSERT INTO "attendance" VALUES(313,'2026-06-19','absent','','2026-06-19 17:41:37.635270',NULL,13,3);
INSERT INTO "attendance" VALUES(314,'2026-06-18','present','','2026-06-19 17:41:37.641574',NULL,13,3);
INSERT INTO "attendance" VALUES(315,'2026-06-17','absent','','2026-06-19 17:41:37.644839',NULL,13,3);
INSERT INTO "attendance" VALUES(316,'2026-06-16','present','','2026-06-19 17:41:37.647866',NULL,13,3);
INSERT INTO "attendance" VALUES(317,'2026-06-15','present','','2026-06-19 17:41:37.650938',NULL,13,3);
INSERT INTO "attendance" VALUES(318,'2026-06-13','present','','2026-06-19 17:41:37.654997',NULL,13,3);
INSERT INTO "attendance" VALUES(319,'2026-06-12','leave','','2026-06-19 17:41:37.658961',NULL,13,3);
INSERT INTO "attendance" VALUES(320,'2026-06-11','present','','2026-06-19 17:41:37.662434',NULL,13,3);
INSERT INTO "attendance" VALUES(321,'2026-06-10','present','','2026-06-19 17:41:37.668082',NULL,13,3);
INSERT INTO "attendance" VALUES(322,'2026-06-09','present','','2026-06-19 17:41:37.672248',NULL,13,3);
INSERT INTO "attendance" VALUES(323,'2026-06-08','leave','','2026-06-19 17:41:37.675213',NULL,13,3);
INSERT INTO "attendance" VALUES(324,'2026-06-06','late','','2026-06-19 17:41:37.679725',NULL,13,3);
INSERT INTO "attendance" VALUES(325,'2026-06-05','late','','2026-06-19 17:41:37.683056',NULL,13,3);
INSERT INTO "attendance" VALUES(326,'2026-06-04','present','','2026-06-19 17:41:37.686883',NULL,13,3);
INSERT INTO "attendance" VALUES(327,'2026-06-03','absent','','2026-06-19 17:41:37.691612',NULL,13,3);
INSERT INTO "attendance" VALUES(328,'2026-06-02','present','','2026-06-19 17:41:37.698899',NULL,13,3);
INSERT INTO "attendance" VALUES(329,'2026-06-01','present','','2026-06-19 17:41:37.703636',NULL,13,3);
INSERT INTO "attendance" VALUES(330,'2026-05-30','present','','2026-06-19 17:41:37.708630',NULL,13,3);
INSERT INTO "attendance" VALUES(331,'2026-05-29','present','','2026-06-19 17:41:37.713136',NULL,13,3);
INSERT INTO "attendance" VALUES(332,'2026-05-28','present','','2026-06-19 17:41:37.717848',NULL,13,3);
INSERT INTO "attendance" VALUES(333,'2026-05-27','present','','2026-06-19 17:41:37.725729',NULL,13,3);
INSERT INTO "attendance" VALUES(334,'2026-05-26','present','','2026-06-19 17:41:37.731432',NULL,13,3);
INSERT INTO "attendance" VALUES(335,'2026-05-25','present','','2026-06-19 17:41:37.740317',NULL,13,3);
INSERT INTO "attendance" VALUES(336,'2026-05-23','present','','2026-06-19 17:41:37.747712',NULL,13,3);
INSERT INTO "attendance" VALUES(337,'2026-05-22','late','','2026-06-19 17:41:37.754026',NULL,13,3);
INSERT INTO "attendance" VALUES(338,'2026-05-21','present','','2026-06-19 17:41:37.759584',NULL,13,3);
INSERT INTO "attendance" VALUES(339,'2026-06-19','leave','','2026-06-19 17:41:37.764398',NULL,14,3);
INSERT INTO "attendance" VALUES(340,'2026-06-18','late','','2026-06-19 17:41:37.768804',NULL,14,3);
INSERT INTO "attendance" VALUES(341,'2026-06-17','present','','2026-06-19 17:41:37.773928',NULL,14,3);
INSERT INTO "attendance" VALUES(342,'2026-06-16','present','','2026-06-19 17:41:37.779552',NULL,14,3);
INSERT INTO "attendance" VALUES(343,'2026-06-15','present','','2026-06-19 17:41:37.784198',NULL,14,3);
INSERT INTO "attendance" VALUES(344,'2026-06-13','present','','2026-06-19 17:41:37.790028',NULL,14,3);
INSERT INTO "attendance" VALUES(345,'2026-06-12','present','','2026-06-19 17:41:37.794485',NULL,14,3);
INSERT INTO "attendance" VALUES(346,'2026-06-11','present','','2026-06-19 17:41:37.798258',NULL,14,3);
INSERT INTO "attendance" VALUES(347,'2026-06-10','present','','2026-06-19 17:41:37.802361',NULL,14,3);
INSERT INTO "attendance" VALUES(348,'2026-06-09','present','','2026-06-19 17:41:37.807193',NULL,14,3);
INSERT INTO "attendance" VALUES(349,'2026-06-08','present','','2026-06-19 17:41:37.812484',NULL,14,3);
INSERT INTO "attendance" VALUES(350,'2026-06-06','present','','2026-06-19 17:41:37.817095',NULL,14,3);
INSERT INTO "attendance" VALUES(351,'2026-06-05','present','','2026-06-19 17:41:37.822025',NULL,14,3);
INSERT INTO "attendance" VALUES(352,'2026-06-04','absent','','2026-06-19 17:41:37.826190',NULL,14,3);
INSERT INTO "attendance" VALUES(353,'2026-06-03','present','','2026-06-19 17:41:37.829974',NULL,14,3);
INSERT INTO "attendance" VALUES(354,'2026-06-02','present','','2026-06-19 17:41:37.833333',NULL,14,3);
INSERT INTO "attendance" VALUES(355,'2026-06-01','late','','2026-06-19 17:41:37.837768',NULL,14,3);
INSERT INTO "attendance" VALUES(356,'2026-05-30','present','','2026-06-19 17:41:37.842061',NULL,14,3);
INSERT INTO "attendance" VALUES(357,'2026-05-29','present','','2026-06-19 17:41:37.845172',NULL,14,3);
INSERT INTO "attendance" VALUES(358,'2026-05-28','present','','2026-06-19 17:41:37.848404',NULL,14,3);
INSERT INTO "attendance" VALUES(359,'2026-05-27','leave','','2026-06-19 17:41:37.851291',NULL,14,3);
INSERT INTO "attendance" VALUES(360,'2026-05-26','present','','2026-06-19 17:41:37.858149',NULL,14,3);
INSERT INTO "attendance" VALUES(361,'2026-05-25','absent','','2026-06-19 17:41:37.865024',NULL,14,3);
INSERT INTO "attendance" VALUES(362,'2026-05-23','present','','2026-06-19 17:41:37.868791',NULL,14,3);
INSERT INTO "attendance" VALUES(363,'2026-05-22','present','','2026-06-19 17:41:37.873118',NULL,14,3);
INSERT INTO "attendance" VALUES(364,'2026-05-21','absent','','2026-06-19 17:41:37.881676',NULL,14,3);
INSERT INTO "attendance" VALUES(365,'2026-06-19','present','','2026-06-19 17:41:37.885649',NULL,15,3);
INSERT INTO "attendance" VALUES(366,'2026-06-18','absent','','2026-06-19 17:41:37.889300',NULL,15,3);
INSERT INTO "attendance" VALUES(367,'2026-06-17','absent','','2026-06-19 17:41:37.892817',NULL,15,3);
INSERT INTO "attendance" VALUES(368,'2026-06-16','present','','2026-06-19 17:41:37.897990',NULL,15,3);
INSERT INTO "attendance" VALUES(369,'2026-06-15','present','','2026-06-19 17:41:37.902804',NULL,15,3);
INSERT INTO "attendance" VALUES(370,'2026-06-13','present','','2026-06-19 17:41:37.907220',NULL,15,3);
INSERT INTO "attendance" VALUES(371,'2026-06-12','present','','2026-06-19 17:41:37.910801',NULL,15,3);
INSERT INTO "attendance" VALUES(372,'2026-06-11','present','','2026-06-19 17:41:37.915354',NULL,15,3);
INSERT INTO "attendance" VALUES(373,'2026-06-10','present','','2026-06-19 17:41:37.920233',NULL,15,3);
INSERT INTO "attendance" VALUES(374,'2026-06-09','absent','','2026-06-19 17:41:37.926149',NULL,15,3);
INSERT INTO "attendance" VALUES(375,'2026-06-08','absent','','2026-06-19 17:41:37.930250',NULL,15,3);
INSERT INTO "attendance" VALUES(376,'2026-06-06','present','','2026-06-19 17:41:37.934466',NULL,15,3);
INSERT INTO "attendance" VALUES(377,'2026-06-05','late','','2026-06-19 17:41:37.938494',NULL,15,3);
INSERT INTO "attendance" VALUES(378,'2026-06-04','absent','','2026-06-19 17:41:37.942556',NULL,15,3);
INSERT INTO "attendance" VALUES(379,'2026-06-03','present','','2026-06-19 17:41:37.947119',NULL,15,3);
INSERT INTO "attendance" VALUES(380,'2026-06-02','present','','2026-06-19 17:41:37.954678',NULL,15,3);
INSERT INTO "attendance" VALUES(381,'2026-06-01','absent','','2026-06-19 17:41:37.959854',NULL,15,3);
INSERT INTO "attendance" VALUES(382,'2026-05-30','absent','','2026-06-19 17:41:37.966729',NULL,15,3);
INSERT INTO "attendance" VALUES(383,'2026-05-29','present','','2026-06-19 17:41:37.974717',NULL,15,3);
INSERT INTO "attendance" VALUES(384,'2026-05-28','present','','2026-06-19 17:41:37.982119',NULL,15,3);
INSERT INTO "attendance" VALUES(385,'2026-05-27','present','','2026-06-19 17:41:37.990889',NULL,15,3);
INSERT INTO "attendance" VALUES(386,'2026-05-26','present','','2026-06-19 17:41:38.001072',NULL,15,3);
INSERT INTO "attendance" VALUES(387,'2026-05-25','absent','','2026-06-19 17:41:38.008166',NULL,15,3);
INSERT INTO "attendance" VALUES(388,'2026-05-23','late','','2026-06-19 17:41:38.015116',NULL,15,3);
INSERT INTO "attendance" VALUES(389,'2026-05-22','present','','2026-06-19 17:41:38.023079',NULL,15,3);
INSERT INTO "attendance" VALUES(390,'2026-05-21','present','','2026-06-19 17:41:38.029951',NULL,15,3);
INSERT INTO "attendance" VALUES(391,'2026-06-19','present','','2026-06-19 17:41:38.044662',NULL,16,3);
INSERT INTO "attendance" VALUES(392,'2026-06-18','present','','2026-06-19 17:41:38.053256',NULL,16,3);
INSERT INTO "attendance" VALUES(393,'2026-06-17','present','','2026-06-19 17:41:38.064237',NULL,16,3);
INSERT INTO "attendance" VALUES(394,'2026-06-16','present','','2026-06-19 17:41:38.070250',NULL,16,3);
INSERT INTO "attendance" VALUES(395,'2026-06-15','absent','','2026-06-19 17:41:38.077899',NULL,16,3);
INSERT INTO "attendance" VALUES(396,'2026-06-13','present','','2026-06-19 17:41:38.084123',NULL,16,3);
INSERT INTO "attendance" VALUES(397,'2026-06-12','late','','2026-06-19 17:41:38.095555',NULL,16,3);
INSERT INTO "attendance" VALUES(398,'2026-06-11','present','','2026-06-19 17:41:38.107348',NULL,16,3);
INSERT INTO "attendance" VALUES(399,'2026-06-10','present','','2026-06-19 17:41:38.112175',NULL,16,3);
INSERT INTO "attendance" VALUES(400,'2026-06-09','present','','2026-06-19 17:41:38.116134',NULL,16,3);
INSERT INTO "attendance" VALUES(401,'2026-06-08','absent','','2026-06-19 17:41:38.123045',NULL,16,3);
INSERT INTO "attendance" VALUES(402,'2026-06-06','present','','2026-06-19 17:41:38.130846',NULL,16,3);
INSERT INTO "attendance" VALUES(403,'2026-06-05','absent','','2026-06-19 17:41:38.135308',NULL,16,3);
INSERT INTO "attendance" VALUES(404,'2026-06-04','present','','2026-06-19 17:41:38.147049',NULL,16,3);
INSERT INTO "attendance" VALUES(405,'2026-06-03','present','','2026-06-19 17:41:38.153761',NULL,16,3);
INSERT INTO "attendance" VALUES(406,'2026-06-02','leave','','2026-06-19 17:41:38.163387',NULL,16,3);
INSERT INTO "attendance" VALUES(407,'2026-06-01','absent','','2026-06-19 17:41:38.174001',NULL,16,3);
INSERT INTO "attendance" VALUES(408,'2026-05-30','present','','2026-06-19 17:41:38.181272',NULL,16,3);
INSERT INTO "attendance" VALUES(409,'2026-05-29','present','','2026-06-19 17:41:38.187678',NULL,16,3);
INSERT INTO "attendance" VALUES(410,'2026-05-28','present','','2026-06-19 17:41:38.201739',NULL,16,3);
INSERT INTO "attendance" VALUES(411,'2026-05-27','present','','2026-06-19 17:41:38.209830',NULL,16,3);
INSERT INTO "attendance" VALUES(412,'2026-05-26','present','','2026-06-19 17:41:38.216634',NULL,16,3);
INSERT INTO "attendance" VALUES(413,'2026-05-25','present','','2026-06-19 17:41:38.224679',NULL,16,3);
INSERT INTO "attendance" VALUES(414,'2026-05-23','present','','2026-06-19 17:41:38.233792',NULL,16,3);
INSERT INTO "attendance" VALUES(415,'2026-05-22','present','','2026-06-19 17:41:38.243970',NULL,16,3);
INSERT INTO "attendance" VALUES(416,'2026-05-21','present','','2026-06-19 17:41:38.251998',NULL,16,3);
INSERT INTO "attendance" VALUES(417,'2026-06-19','present','','2026-06-19 17:41:38.260702',NULL,17,4);
INSERT INTO "attendance" VALUES(418,'2026-06-18','present','','2026-06-19 17:41:38.266838',NULL,17,4);
INSERT INTO "attendance" VALUES(419,'2026-06-17','present','','2026-06-19 17:41:38.271797',NULL,17,4);
INSERT INTO "attendance" VALUES(420,'2026-06-16','present','','2026-06-19 17:41:38.276492',NULL,17,4);
INSERT INTO "attendance" VALUES(421,'2026-06-15','present','','2026-06-19 17:41:38.280131',NULL,17,4);
INSERT INTO "attendance" VALUES(422,'2026-06-13','absent','','2026-06-19 17:41:38.283259',NULL,17,4);
INSERT INTO "attendance" VALUES(423,'2026-06-12','leave','','2026-06-19 17:41:38.287714',NULL,17,4);
INSERT INTO "attendance" VALUES(424,'2026-06-11','present','','2026-06-19 17:41:38.291095',NULL,17,4);
INSERT INTO "attendance" VALUES(425,'2026-06-10','present','','2026-06-19 17:41:38.294155',NULL,17,4);
INSERT INTO "attendance" VALUES(426,'2026-06-09','present','','2026-06-19 17:41:38.297146',NULL,17,4);
INSERT INTO "attendance" VALUES(427,'2026-06-08','present','','2026-06-19 17:41:38.300202',NULL,17,4);
INSERT INTO "attendance" VALUES(428,'2026-06-06','present','','2026-06-19 17:41:38.304171',NULL,17,4);
INSERT INTO "attendance" VALUES(429,'2026-06-05','present','','2026-06-19 17:41:38.307922',NULL,17,4);
INSERT INTO "attendance" VALUES(430,'2026-06-04','present','','2026-06-19 17:41:38.311095',NULL,17,4);
INSERT INTO "attendance" VALUES(431,'2026-06-03','leave','','2026-06-19 17:41:38.317582',NULL,17,4);
INSERT INTO "attendance" VALUES(432,'2026-06-02','present','','2026-06-19 17:41:38.321269',NULL,17,4);
INSERT INTO "attendance" VALUES(433,'2026-06-01','present','','2026-06-19 17:41:38.324361',NULL,17,4);
INSERT INTO "attendance" VALUES(434,'2026-05-30','present','','2026-06-19 17:41:38.327498',NULL,17,4);
INSERT INTO "attendance" VALUES(435,'2026-05-29','present','','2026-06-19 17:41:38.332292',NULL,17,4);
INSERT INTO "attendance" VALUES(436,'2026-05-28','present','','2026-06-19 17:41:38.336776',NULL,17,4);
INSERT INTO "attendance" VALUES(437,'2026-05-27','present','','2026-06-19 17:41:38.340655',NULL,17,4);
INSERT INTO "attendance" VALUES(438,'2026-05-26','present','','2026-06-19 17:41:38.343639',NULL,17,4);
INSERT INTO "attendance" VALUES(439,'2026-05-25','absent','','2026-06-19 17:41:38.347109',NULL,17,4);
INSERT INTO "attendance" VALUES(440,'2026-05-23','present','','2026-06-19 17:41:38.350845',NULL,17,4);
INSERT INTO "attendance" VALUES(441,'2026-05-22','present','','2026-06-19 17:41:38.355302',NULL,17,4);
INSERT INTO "attendance" VALUES(442,'2026-05-21','present','','2026-06-19 17:41:38.359233',NULL,17,4);
INSERT INTO "attendance" VALUES(443,'2026-06-19','present','','2026-06-19 17:41:38.362986',NULL,18,4);
INSERT INTO "attendance" VALUES(444,'2026-06-18','present','','2026-06-19 17:41:38.366391',NULL,18,4);
INSERT INTO "attendance" VALUES(445,'2026-06-17','present','','2026-06-19 17:41:38.371643',NULL,18,4);
INSERT INTO "attendance" VALUES(446,'2026-06-16','present','','2026-06-19 17:41:38.375438',NULL,18,4);
INSERT INTO "attendance" VALUES(447,'2026-06-15','present','','2026-06-19 17:41:38.379097',NULL,18,4);
INSERT INTO "attendance" VALUES(448,'2026-06-13','present','','2026-06-19 17:41:38.382478',NULL,18,4);
INSERT INTO "attendance" VALUES(449,'2026-06-12','present','','2026-06-19 17:41:38.386565',NULL,18,4);
INSERT INTO "attendance" VALUES(450,'2026-06-11','absent','','2026-06-19 17:41:38.390035',NULL,18,4);
INSERT INTO "attendance" VALUES(451,'2026-06-10','present','','2026-06-19 17:41:38.393476',NULL,18,4);
INSERT INTO "attendance" VALUES(452,'2026-06-09','present','','2026-06-19 17:41:38.397438',NULL,18,4);
INSERT INTO "attendance" VALUES(453,'2026-06-08','present','','2026-06-19 17:41:38.400991',NULL,18,4);
INSERT INTO "attendance" VALUES(454,'2026-06-06','present','','2026-06-19 17:41:38.405298',NULL,18,4);
INSERT INTO "attendance" VALUES(455,'2026-06-05','present','','2026-06-19 17:41:38.409794',NULL,18,4);
INSERT INTO "attendance" VALUES(456,'2026-06-04','absent','','2026-06-19 17:41:38.413103',NULL,18,4);
INSERT INTO "attendance" VALUES(457,'2026-06-03','absent','','2026-06-19 17:41:38.416516',NULL,18,4);
INSERT INTO "attendance" VALUES(458,'2026-06-02','absent','','2026-06-19 17:41:38.420316',NULL,18,4);
INSERT INTO "attendance" VALUES(459,'2026-06-01','present','','2026-06-19 17:41:38.423642',NULL,18,4);
INSERT INTO "attendance" VALUES(460,'2026-05-30','present','','2026-06-19 17:41:38.427694',NULL,18,4);
INSERT INTO "attendance" VALUES(461,'2026-05-29','present','','2026-06-19 17:41:38.431000',NULL,18,4);
INSERT INTO "attendance" VALUES(462,'2026-05-28','present','','2026-06-19 17:41:38.435009',NULL,18,4);
INSERT INTO "attendance" VALUES(463,'2026-05-27','present','','2026-06-19 17:41:38.439416',NULL,18,4);
INSERT INTO "attendance" VALUES(464,'2026-05-26','present','','2026-06-19 17:41:38.443739',NULL,18,4);
INSERT INTO "attendance" VALUES(465,'2026-05-25','present','','2026-06-19 17:41:38.447174',NULL,18,4);
INSERT INTO "attendance" VALUES(466,'2026-05-23','present','','2026-06-19 17:41:38.450536',NULL,18,4);
INSERT INTO "attendance" VALUES(467,'2026-05-22','present','','2026-06-19 17:41:38.455105',NULL,18,4);
INSERT INTO "attendance" VALUES(468,'2026-05-21','present','','2026-06-19 17:41:38.458409',NULL,18,4);
INSERT INTO "attendance" VALUES(469,'2026-06-19','present','','2026-06-19 17:41:38.461782',NULL,19,4);
INSERT INTO "attendance" VALUES(470,'2026-06-18','leave','','2026-06-19 17:41:38.464766',NULL,19,4);
INSERT INTO "attendance" VALUES(471,'2026-06-17','absent','','2026-06-19 17:41:38.467858',NULL,19,4);
INSERT INTO "attendance" VALUES(472,'2026-06-16','present','','2026-06-19 17:41:38.471687',NULL,19,4);
INSERT INTO "attendance" VALUES(473,'2026-06-15','present','','2026-06-19 17:41:38.477032',NULL,19,4);
INSERT INTO "attendance" VALUES(474,'2026-06-13','present','','2026-06-19 17:41:38.482119',NULL,19,4);
INSERT INTO "attendance" VALUES(475,'2026-06-12','present','','2026-06-19 17:41:38.485869',NULL,19,4);
INSERT INTO "attendance" VALUES(476,'2026-06-11','present','','2026-06-19 17:41:38.491051',NULL,19,4);
INSERT INTO "attendance" VALUES(477,'2026-06-10','absent','','2026-06-19 17:41:38.494718',NULL,19,4);
INSERT INTO "attendance" VALUES(478,'2026-06-09','present','','2026-06-19 17:41:38.497972',NULL,19,4);
INSERT INTO "attendance" VALUES(479,'2026-06-08','present','','2026-06-19 17:41:38.501298',NULL,19,4);
INSERT INTO "attendance" VALUES(480,'2026-06-06','present','','2026-06-19 17:41:38.505777',NULL,19,4);
INSERT INTO "attendance" VALUES(481,'2026-06-05','present','','2026-06-19 17:41:38.509936',NULL,19,4);
INSERT INTO "attendance" VALUES(482,'2026-06-04','late','','2026-06-19 17:41:38.513572',NULL,19,4);
INSERT INTO "attendance" VALUES(483,'2026-06-03','late','','2026-06-19 17:41:38.517136',NULL,19,4);
INSERT INTO "attendance" VALUES(484,'2026-06-02','present','','2026-06-19 17:41:38.521502',NULL,19,4);
INSERT INTO "attendance" VALUES(485,'2026-06-01','present','','2026-06-19 17:41:38.525864',NULL,19,4);
INSERT INTO "attendance" VALUES(486,'2026-05-30','present','','2026-06-19 17:41:38.529710',NULL,19,4);
INSERT INTO "attendance" VALUES(487,'2026-05-29','present','','2026-06-19 17:41:38.533920',NULL,19,4);
INSERT INTO "attendance" VALUES(488,'2026-05-28','present','','2026-06-19 17:41:38.537713',NULL,19,4);
INSERT INTO "attendance" VALUES(489,'2026-05-27','present','','2026-06-19 17:41:38.540987',NULL,19,4);
INSERT INTO "attendance" VALUES(490,'2026-05-26','present','','2026-06-19 17:41:38.547715',NULL,19,4);
INSERT INTO "attendance" VALUES(491,'2026-05-25','absent','','2026-06-19 17:41:38.551836',NULL,19,4);
INSERT INTO "attendance" VALUES(492,'2026-05-23','present','','2026-06-19 17:41:38.554992',NULL,19,4);
INSERT INTO "attendance" VALUES(493,'2026-05-22','absent','','2026-06-19 17:41:38.557846',NULL,19,4);
INSERT INTO "attendance" VALUES(494,'2026-05-21','present','','2026-06-19 17:41:38.561358',NULL,19,4);
INSERT INTO "attendance" VALUES(495,'2026-06-19','absent','','2026-06-19 17:41:38.564928',NULL,20,4);
INSERT INTO "attendance" VALUES(496,'2026-06-18','present','','2026-06-19 17:41:38.569013',NULL,20,4);
INSERT INTO "attendance" VALUES(497,'2026-06-17','present','','2026-06-19 17:41:38.573658',NULL,20,4);
INSERT INTO "attendance" VALUES(498,'2026-06-16','present','','2026-06-19 17:41:38.576934',NULL,20,4);
INSERT INTO "attendance" VALUES(499,'2026-06-15','present','','2026-06-19 17:41:38.580383',NULL,20,4);
INSERT INTO "attendance" VALUES(500,'2026-06-13','present','','2026-06-19 17:41:38.588070',NULL,20,4);
INSERT INTO "attendance" VALUES(501,'2026-06-12','present','','2026-06-19 17:41:38.592580',NULL,20,4);
INSERT INTO "attendance" VALUES(502,'2026-06-11','late','','2026-06-19 17:41:38.596547',NULL,20,4);
INSERT INTO "attendance" VALUES(503,'2026-06-10','present','','2026-06-19 17:41:38.603516',NULL,20,4);
INSERT INTO "attendance" VALUES(504,'2026-06-09','present','','2026-06-19 17:41:38.611494',NULL,20,4);
INSERT INTO "attendance" VALUES(505,'2026-06-08','present','','2026-06-19 17:41:38.616779',NULL,20,4);
INSERT INTO "attendance" VALUES(506,'2026-06-06','present','','2026-06-19 17:41:38.622335',NULL,20,4);
INSERT INTO "attendance" VALUES(507,'2026-06-05','absent','','2026-06-19 17:41:38.627917',NULL,20,4);
INSERT INTO "attendance" VALUES(508,'2026-06-04','present','','2026-06-19 17:41:38.634570',NULL,20,4);
INSERT INTO "attendance" VALUES(509,'2026-06-03','present','','2026-06-19 17:41:38.642348',NULL,20,4);
INSERT INTO "attendance" VALUES(510,'2026-06-02','present','','2026-06-19 17:41:38.647077',NULL,20,4);
INSERT INTO "attendance" VALUES(511,'2026-06-01','present','','2026-06-19 17:41:38.652041',NULL,20,4);
INSERT INTO "attendance" VALUES(512,'2026-05-30','present','','2026-06-19 17:41:38.659195',NULL,20,4);
INSERT INTO "attendance" VALUES(513,'2026-05-29','present','','2026-06-19 17:41:38.669454',NULL,20,4);
INSERT INTO "attendance" VALUES(514,'2026-05-28','present','','2026-06-19 17:41:38.675089',NULL,20,4);
INSERT INTO "attendance" VALUES(515,'2026-05-27','present','','2026-06-19 17:41:38.679374',NULL,20,4);
INSERT INTO "attendance" VALUES(516,'2026-05-26','present','','2026-06-19 17:41:38.684177',NULL,20,4);
INSERT INTO "attendance" VALUES(517,'2026-05-25','present','','2026-06-19 17:41:38.690909',NULL,20,4);
INSERT INTO "attendance" VALUES(518,'2026-05-23','present','','2026-06-19 17:41:38.698503',NULL,20,4);
INSERT INTO "attendance" VALUES(519,'2026-05-22','present','','2026-06-19 17:41:38.709170',NULL,20,4);
INSERT INTO "attendance" VALUES(520,'2026-05-21','present','','2026-06-19 17:41:38.722631',NULL,20,4);
INSERT INTO "attendance" VALUES(521,'2026-06-19','leave','','2026-06-19 17:41:38.729432',NULL,21,4);
INSERT INTO "attendance" VALUES(522,'2026-06-18','present','','2026-06-19 17:41:38.737271',NULL,21,4);
INSERT INTO "attendance" VALUES(523,'2026-06-17','present','','2026-06-19 17:41:38.746844',NULL,21,4);
INSERT INTO "attendance" VALUES(524,'2026-06-16','late','','2026-06-19 17:41:38.757986',NULL,21,4);
INSERT INTO "attendance" VALUES(525,'2026-06-15','present','','2026-06-19 17:41:38.764294',NULL,21,4);
INSERT INTO "attendance" VALUES(526,'2026-06-13','late','','2026-06-19 17:41:38.771205',NULL,21,4);
INSERT INTO "attendance" VALUES(527,'2026-06-12','present','','2026-06-19 17:41:38.777120',NULL,21,4);
INSERT INTO "attendance" VALUES(528,'2026-06-11','late','','2026-06-19 17:41:38.780679',NULL,21,4);
INSERT INTO "attendance" VALUES(529,'2026-06-10','present','','2026-06-19 17:41:38.784257',NULL,21,4);
INSERT INTO "attendance" VALUES(530,'2026-06-09','present','','2026-06-19 17:41:38.788791',NULL,21,4);
INSERT INTO "attendance" VALUES(531,'2026-06-08','present','','2026-06-19 17:41:38.795931',NULL,21,4);
INSERT INTO "attendance" VALUES(532,'2026-06-06','leave','','2026-06-19 17:41:38.800889',NULL,21,4);
INSERT INTO "attendance" VALUES(533,'2026-06-05','present','','2026-06-19 17:41:38.805018',NULL,21,4);
INSERT INTO "attendance" VALUES(534,'2026-06-04','absent','','2026-06-19 17:41:38.808162',NULL,21,4);
INSERT INTO "attendance" VALUES(535,'2026-06-03','late','','2026-06-19 17:41:38.811176',NULL,21,4);
INSERT INTO "attendance" VALUES(536,'2026-06-02','present','','2026-06-19 17:41:38.814569',NULL,21,4);
INSERT INTO "attendance" VALUES(537,'2026-06-01','present','','2026-06-19 17:41:38.818539',NULL,21,4);
INSERT INTO "attendance" VALUES(538,'2026-05-30','present','','2026-06-19 17:41:38.825065',NULL,21,4);
INSERT INTO "attendance" VALUES(539,'2026-05-29','absent','','2026-06-19 17:41:38.836021',NULL,21,4);
INSERT INTO "attendance" VALUES(540,'2026-05-28','late','','2026-06-19 17:41:38.844011',NULL,21,4);
INSERT INTO "attendance" VALUES(541,'2026-05-27','present','','2026-06-19 17:41:38.849296',NULL,21,4);
INSERT INTO "attendance" VALUES(542,'2026-05-26','absent','','2026-06-19 17:41:38.856582',NULL,21,4);
INSERT INTO "attendance" VALUES(543,'2026-05-25','present','','2026-06-19 17:41:38.864494',NULL,21,4);
INSERT INTO "attendance" VALUES(544,'2026-05-23','absent','','2026-06-19 17:41:38.871197',NULL,21,4);
INSERT INTO "attendance" VALUES(545,'2026-05-22','present','','2026-06-19 17:41:38.875779',NULL,21,4);
INSERT INTO "attendance" VALUES(546,'2026-05-21','leave','','2026-06-19 17:41:38.879203',NULL,21,4);
INSERT INTO "attendance" VALUES(547,'2026-06-19','present','','2026-06-19 17:41:38.882503',NULL,22,4);
INSERT INTO "attendance" VALUES(548,'2026-06-18','absent','','2026-06-19 17:41:38.886603',NULL,22,4);
INSERT INTO "attendance" VALUES(549,'2026-06-17','present','','2026-06-19 17:41:38.891803',NULL,22,4);
INSERT INTO "attendance" VALUES(550,'2026-06-16','present','','2026-06-19 17:41:38.900203',NULL,22,4);
INSERT INTO "attendance" VALUES(551,'2026-06-15','late','','2026-06-19 17:41:38.909729',NULL,22,4);
INSERT INTO "attendance" VALUES(552,'2026-06-13','present','','2026-06-19 17:41:38.919502',NULL,22,4);
INSERT INTO "attendance" VALUES(553,'2026-06-12','absent','','2026-06-19 17:41:38.928614',NULL,22,4);
INSERT INTO "attendance" VALUES(554,'2026-06-11','present','','2026-06-19 17:41:38.938639',NULL,22,4);
INSERT INTO "attendance" VALUES(555,'2026-06-10','present','','2026-06-19 17:41:38.949197',NULL,22,4);
INSERT INTO "attendance" VALUES(556,'2026-06-09','present','','2026-06-19 17:41:38.955655',NULL,22,4);
INSERT INTO "attendance" VALUES(557,'2026-06-08','absent','','2026-06-19 17:41:38.963297',NULL,22,4);
INSERT INTO "attendance" VALUES(558,'2026-06-06','present','','2026-06-19 17:41:38.969412',NULL,22,4);
INSERT INTO "attendance" VALUES(559,'2026-06-05','present','','2026-06-19 17:41:38.976473',NULL,22,4);
INSERT INTO "attendance" VALUES(560,'2026-06-04','absent','','2026-06-19 17:41:38.982233',NULL,22,4);
INSERT INTO "attendance" VALUES(561,'2026-06-03','absent','','2026-06-19 17:41:38.988062',NULL,22,4);
INSERT INTO "attendance" VALUES(562,'2026-06-02','late','','2026-06-19 17:41:38.994514',NULL,22,4);
INSERT INTO "attendance" VALUES(563,'2026-06-01','present','','2026-06-19 17:41:39.001380',NULL,22,4);
INSERT INTO "attendance" VALUES(564,'2026-05-30','present','','2026-06-19 17:41:39.007490',NULL,22,4);
INSERT INTO "attendance" VALUES(565,'2026-05-29','late','','2026-06-19 17:41:39.013444',NULL,22,4);
INSERT INTO "attendance" VALUES(566,'2026-05-28','present','','2026-06-19 17:41:39.017608',NULL,22,4);
INSERT INTO "attendance" VALUES(567,'2026-05-27','absent','','2026-06-19 17:41:39.023954',NULL,22,4);
INSERT INTO "attendance" VALUES(568,'2026-05-26','late','','2026-06-19 17:41:39.029946',NULL,22,4);
INSERT INTO "attendance" VALUES(569,'2026-05-25','present','','2026-06-19 17:41:39.035490',NULL,22,4);
INSERT INTO "attendance" VALUES(570,'2026-05-23','present','','2026-06-19 17:41:39.040969',NULL,22,4);
INSERT INTO "attendance" VALUES(571,'2026-05-22','present','','2026-06-19 17:41:39.044859',NULL,22,4);
INSERT INTO "attendance" VALUES(572,'2026-05-21','late','','2026-06-19 17:41:39.048945',NULL,22,4);
INSERT INTO "attendance" VALUES(573,'2026-06-19','present','','2026-06-19 17:41:39.054162',NULL,23,4);
INSERT INTO "attendance" VALUES(574,'2026-06-18','present','','2026-06-19 17:41:39.060203',NULL,23,4);
INSERT INTO "attendance" VALUES(575,'2026-06-17','present','','2026-06-19 17:41:39.064207',NULL,23,4);
INSERT INTO "attendance" VALUES(576,'2026-06-16','absent','','2026-06-19 17:41:39.070343',NULL,23,4);
INSERT INTO "attendance" VALUES(577,'2026-06-15','present','','2026-06-19 17:41:39.074847',NULL,23,4);
INSERT INTO "attendance" VALUES(578,'2026-06-13','present','','2026-06-19 17:41:39.079426',NULL,23,4);
INSERT INTO "attendance" VALUES(579,'2026-06-12','present','','2026-06-19 17:41:39.084075',NULL,23,4);
INSERT INTO "attendance" VALUES(580,'2026-06-11','present','','2026-06-19 17:41:39.087873',NULL,23,4);
INSERT INTO "attendance" VALUES(581,'2026-06-10','absent','','2026-06-19 17:41:39.091566',NULL,23,4);
INSERT INTO "attendance" VALUES(582,'2026-06-09','absent','','2026-06-19 17:41:39.097143',NULL,23,4);
INSERT INTO "attendance" VALUES(583,'2026-06-08','present','','2026-06-19 17:41:39.101850',NULL,23,4);
INSERT INTO "attendance" VALUES(584,'2026-06-06','absent','','2026-06-19 17:41:39.106907',NULL,23,4);
INSERT INTO "attendance" VALUES(585,'2026-06-05','present','','2026-06-19 17:41:39.110996',NULL,23,4);
INSERT INTO "attendance" VALUES(586,'2026-06-04','present','','2026-06-19 17:41:39.114753',NULL,23,4);
INSERT INTO "attendance" VALUES(587,'2026-06-03','absent','','2026-06-19 17:41:39.118662',NULL,23,4);
INSERT INTO "attendance" VALUES(588,'2026-06-02','present','','2026-06-19 17:41:39.123696',NULL,23,4);
INSERT INTO "attendance" VALUES(589,'2026-06-01','absent','','2026-06-19 17:41:39.127212',NULL,23,4);
INSERT INTO "attendance" VALUES(590,'2026-05-30','late','','2026-06-19 17:41:39.130413',NULL,23,4);
INSERT INTO "attendance" VALUES(591,'2026-05-29','present','','2026-06-19 17:41:39.134049',NULL,23,4);
INSERT INTO "attendance" VALUES(592,'2026-05-28','absent','','2026-06-19 17:41:39.138101',NULL,23,4);
INSERT INTO "attendance" VALUES(593,'2026-05-27','absent','','2026-06-19 17:41:39.142030',NULL,23,4);
INSERT INTO "attendance" VALUES(594,'2026-05-26','late','','2026-06-19 17:41:39.145652',NULL,23,4);
INSERT INTO "attendance" VALUES(595,'2026-05-25','present','','2026-06-19 17:41:39.149300',NULL,23,4);
INSERT INTO "attendance" VALUES(596,'2026-05-23','present','','2026-06-19 17:41:39.153199',NULL,23,4);
INSERT INTO "attendance" VALUES(597,'2026-05-22','present','','2026-06-19 17:41:39.157408',NULL,23,4);
INSERT INTO "attendance" VALUES(598,'2026-05-21','present','','2026-06-19 17:41:39.161751',NULL,23,4);
INSERT INTO "attendance" VALUES(599,'2026-06-19','present','','2026-06-19 17:41:39.164842',NULL,24,4);
INSERT INTO "attendance" VALUES(600,'2026-06-18','present','','2026-06-19 17:41:39.168171',NULL,24,4);
INSERT INTO "attendance" VALUES(601,'2026-06-17','present','','2026-06-19 17:41:39.172396',NULL,24,4);
INSERT INTO "attendance" VALUES(602,'2026-06-16','absent','','2026-06-19 17:41:39.175943',NULL,24,4);
INSERT INTO "attendance" VALUES(603,'2026-06-15','present','','2026-06-19 17:41:39.179874',NULL,24,4);
INSERT INTO "attendance" VALUES(604,'2026-06-13','present','','2026-06-19 17:41:39.183199',NULL,24,4);
INSERT INTO "attendance" VALUES(605,'2026-06-12','present','','2026-06-19 17:41:39.190158',NULL,24,4);
INSERT INTO "attendance" VALUES(606,'2026-06-11','absent','','2026-06-19 17:41:39.193831',NULL,24,4);
INSERT INTO "attendance" VALUES(607,'2026-06-10','present','','2026-06-19 17:41:39.197165',NULL,24,4);
INSERT INTO "attendance" VALUES(608,'2026-06-09','present','','2026-06-19 17:41:39.200283',NULL,24,4);
INSERT INTO "attendance" VALUES(609,'2026-06-08','present','','2026-06-19 17:41:39.205704',NULL,24,4);
INSERT INTO "attendance" VALUES(610,'2026-06-06','present','','2026-06-19 17:41:39.211611',NULL,24,4);
INSERT INTO "attendance" VALUES(611,'2026-06-05','present','','2026-06-19 17:41:39.215387',NULL,24,4);
INSERT INTO "attendance" VALUES(612,'2026-06-04','present','','2026-06-19 17:41:39.219783',NULL,24,4);
INSERT INTO "attendance" VALUES(613,'2026-06-03','present','','2026-06-19 17:41:39.225264',NULL,24,4);
INSERT INTO "attendance" VALUES(614,'2026-06-02','absent','','2026-06-19 17:41:39.230048',NULL,24,4);
INSERT INTO "attendance" VALUES(615,'2026-06-01','present','','2026-06-19 17:41:39.236415',NULL,24,4);
INSERT INTO "attendance" VALUES(616,'2026-05-30','present','','2026-06-19 17:41:39.240563',NULL,24,4);
INSERT INTO "attendance" VALUES(617,'2026-05-29','absent','','2026-06-19 17:41:39.243643',NULL,24,4);
INSERT INTO "attendance" VALUES(618,'2026-05-28','present','','2026-06-19 17:41:39.246934',NULL,24,4);
INSERT INTO "attendance" VALUES(619,'2026-05-27','present','','2026-06-19 17:41:39.251191',NULL,24,4);
INSERT INTO "attendance" VALUES(620,'2026-05-26','present','','2026-06-19 17:41:39.255487',NULL,24,4);
INSERT INTO "attendance" VALUES(621,'2026-05-25','present','','2026-06-19 17:41:39.261328',NULL,24,4);
INSERT INTO "attendance" VALUES(622,'2026-05-23','present','','2026-06-19 17:41:39.265559',NULL,24,4);
INSERT INTO "attendance" VALUES(623,'2026-05-22','present','','2026-06-19 17:41:39.268759',NULL,24,4);
INSERT INTO "attendance" VALUES(624,'2026-05-21','present','','2026-06-19 17:41:39.274445',NULL,24,4);
INSERT INTO "attendance" VALUES(625,'2026-06-19','present','','2026-06-19 17:41:39.278091',NULL,25,5);
INSERT INTO "attendance" VALUES(626,'2026-06-18','absent','','2026-06-19 17:41:39.283808',NULL,25,5);
INSERT INTO "attendance" VALUES(627,'2026-06-17','present','','2026-06-19 17:41:39.288557',NULL,25,5);
INSERT INTO "attendance" VALUES(628,'2026-06-16','present','','2026-06-19 17:41:39.291825',NULL,25,5);
INSERT INTO "attendance" VALUES(629,'2026-06-15','present','','2026-06-19 17:41:39.295107',NULL,25,5);
INSERT INTO "attendance" VALUES(630,'2026-06-13','present','','2026-06-19 17:41:39.303128',NULL,25,5);
INSERT INTO "attendance" VALUES(631,'2026-06-12','present','','2026-06-19 17:41:39.309186',NULL,25,5);
INSERT INTO "attendance" VALUES(632,'2026-06-11','present','','2026-06-19 17:41:39.312585',NULL,25,5);
INSERT INTO "attendance" VALUES(633,'2026-06-10','present','','2026-06-19 17:41:39.316836',NULL,25,5);
INSERT INTO "attendance" VALUES(634,'2026-06-09','absent','','2026-06-19 17:41:39.319841',NULL,25,5);
INSERT INTO "attendance" VALUES(635,'2026-06-08','present','','2026-06-19 17:41:39.323937',NULL,25,5);
INSERT INTO "attendance" VALUES(636,'2026-06-06','late','','2026-06-19 17:41:39.327289',NULL,25,5);
INSERT INTO "attendance" VALUES(637,'2026-06-05','present','','2026-06-19 17:41:39.330753',NULL,25,5);
INSERT INTO "attendance" VALUES(638,'2026-06-04','present','','2026-06-19 17:41:39.334223',NULL,25,5);
INSERT INTO "attendance" VALUES(639,'2026-06-03','absent','','2026-06-19 17:41:39.338389',NULL,25,5);
INSERT INTO "attendance" VALUES(640,'2026-06-02','late','','2026-06-19 17:41:39.342459',NULL,25,5);
INSERT INTO "attendance" VALUES(641,'2026-06-01','absent','','2026-06-19 17:41:39.347315',NULL,25,5);
INSERT INTO "attendance" VALUES(642,'2026-05-30','absent','','2026-06-19 17:41:39.352561',NULL,25,5);
INSERT INTO "attendance" VALUES(643,'2026-05-29','present','','2026-06-19 17:41:39.357808',NULL,25,5);
INSERT INTO "attendance" VALUES(644,'2026-05-28','present','','2026-06-19 17:41:39.360725',NULL,25,5);
INSERT INTO "attendance" VALUES(645,'2026-05-27','present','','2026-06-19 17:41:39.364139',NULL,25,5);
INSERT INTO "attendance" VALUES(646,'2026-05-26','present','','2026-06-19 17:41:39.368620',NULL,25,5);
INSERT INTO "attendance" VALUES(647,'2026-05-25','present','','2026-06-19 17:41:39.372877',NULL,25,5);
INSERT INTO "attendance" VALUES(648,'2026-05-23','leave','','2026-06-19 17:41:39.376924',NULL,25,5);
INSERT INTO "attendance" VALUES(649,'2026-05-22','present','','2026-06-19 17:41:39.381497',NULL,25,5);
INSERT INTO "attendance" VALUES(650,'2026-05-21','present','','2026-06-19 17:41:39.385753',NULL,25,5);
INSERT INTO "attendance" VALUES(651,'2026-06-19','present','','2026-06-19 17:41:39.389706',NULL,26,5);
INSERT INTO "attendance" VALUES(652,'2026-06-18','present','','2026-06-19 17:41:39.393280',NULL,26,5);
INSERT INTO "attendance" VALUES(653,'2026-06-17','present','','2026-06-19 17:41:39.396865',NULL,26,5);
INSERT INTO "attendance" VALUES(654,'2026-06-16','late','','2026-06-19 17:41:39.400058',NULL,26,5);
INSERT INTO "attendance" VALUES(655,'2026-06-15','late','','2026-06-19 17:41:39.403213',NULL,26,5);
INSERT INTO "attendance" VALUES(656,'2026-06-13','present','','2026-06-19 17:41:39.406915',NULL,26,5);
INSERT INTO "attendance" VALUES(657,'2026-06-12','present','','2026-06-19 17:41:39.412615',NULL,26,5);
INSERT INTO "attendance" VALUES(658,'2026-06-11','leave','','2026-06-19 17:41:39.419770',NULL,26,5);
INSERT INTO "attendance" VALUES(659,'2026-06-10','leave','','2026-06-19 17:41:39.426333',NULL,26,5);
INSERT INTO "attendance" VALUES(660,'2026-06-09','leave','','2026-06-19 17:41:39.431343',NULL,26,5);
INSERT INTO "attendance" VALUES(661,'2026-06-08','present','','2026-06-19 17:41:39.437653',NULL,26,5);
INSERT INTO "attendance" VALUES(662,'2026-06-06','absent','','2026-06-19 17:41:39.442920',NULL,26,5);
INSERT INTO "attendance" VALUES(663,'2026-06-05','absent','','2026-06-19 17:41:39.448351',NULL,26,5);
INSERT INTO "attendance" VALUES(664,'2026-06-04','present','','2026-06-19 17:41:39.454545',NULL,26,5);
INSERT INTO "attendance" VALUES(665,'2026-06-03','present','','2026-06-19 17:41:39.461213',NULL,26,5);
INSERT INTO "attendance" VALUES(666,'2026-06-02','late','','2026-06-19 17:41:39.465513',NULL,26,5);
INSERT INTO "attendance" VALUES(667,'2026-06-01','late','','2026-06-19 17:41:39.472565',NULL,26,5);
INSERT INTO "attendance" VALUES(668,'2026-05-30','present','','2026-06-19 17:41:39.478327',NULL,26,5);
INSERT INTO "attendance" VALUES(669,'2026-05-29','absent','','2026-06-19 17:41:39.483828',NULL,26,5);
INSERT INTO "attendance" VALUES(670,'2026-05-28','present','','2026-06-19 17:41:39.490738',NULL,26,5);
INSERT INTO "attendance" VALUES(671,'2026-05-27','present','','2026-06-19 17:41:39.496252',NULL,26,5);
INSERT INTO "attendance" VALUES(672,'2026-05-26','present','','2026-06-19 17:41:39.501217',NULL,26,5);
INSERT INTO "attendance" VALUES(673,'2026-05-25','leave','','2026-06-19 17:41:39.512406',NULL,26,5);
INSERT INTO "attendance" VALUES(674,'2026-05-23','present','','2026-06-19 17:41:39.518658',NULL,26,5);
INSERT INTO "attendance" VALUES(675,'2026-05-22','late','','2026-06-19 17:41:39.524865',NULL,26,5);
INSERT INTO "attendance" VALUES(676,'2026-05-21','present','','2026-06-19 17:41:39.533343',NULL,26,5);
INSERT INTO "attendance" VALUES(677,'2026-06-19','late','','2026-06-19 17:41:39.540793',NULL,27,5);
INSERT INTO "attendance" VALUES(678,'2026-06-18','present','','2026-06-19 17:41:39.546820',NULL,27,5);
INSERT INTO "attendance" VALUES(679,'2026-06-17','present','','2026-06-19 17:41:39.552632',NULL,27,5);
INSERT INTO "attendance" VALUES(680,'2026-06-16','leave','','2026-06-19 17:41:39.559025',NULL,27,5);
INSERT INTO "attendance" VALUES(681,'2026-06-15','late','','2026-06-19 17:41:39.563597',NULL,27,5);
INSERT INTO "attendance" VALUES(682,'2026-06-13','present','','2026-06-19 17:41:39.568123',NULL,27,5);
INSERT INTO "attendance" VALUES(683,'2026-06-12','late','','2026-06-19 17:41:39.574125',NULL,27,5);
INSERT INTO "attendance" VALUES(684,'2026-06-11','present','','2026-06-19 17:41:39.580919',NULL,27,5);
INSERT INTO "attendance" VALUES(685,'2026-06-10','late','','2026-06-19 17:41:39.592849',NULL,27,5);
INSERT INTO "attendance" VALUES(686,'2026-06-09','present','','2026-06-19 17:41:39.708801',NULL,27,5);
INSERT INTO "attendance" VALUES(687,'2026-06-08','present','','2026-06-19 17:41:39.827778',NULL,27,5);
INSERT INTO "attendance" VALUES(688,'2026-06-06','present','','2026-06-19 17:41:39.944953',NULL,27,5);
INSERT INTO "attendance" VALUES(689,'2026-06-05','present','','2026-06-19 17:41:40.024503',NULL,27,5);
INSERT INTO "attendance" VALUES(690,'2026-06-04','present','','2026-06-19 17:41:40.030967',NULL,27,5);
INSERT INTO "attendance" VALUES(691,'2026-06-03','late','','2026-06-19 17:41:40.038702',NULL,27,5);
INSERT INTO "attendance" VALUES(692,'2026-06-02','present','','2026-06-19 17:41:40.045790',NULL,27,5);
INSERT INTO "attendance" VALUES(693,'2026-06-01','absent','','2026-06-19 17:41:40.054300',NULL,27,5);
INSERT INTO "attendance" VALUES(694,'2026-05-30','late','','2026-06-19 17:41:40.062106',NULL,27,5);
INSERT INTO "attendance" VALUES(695,'2026-05-29','present','','2026-06-19 17:41:40.066216',NULL,27,5);
INSERT INTO "attendance" VALUES(696,'2026-05-28','present','','2026-06-19 17:41:40.071172',NULL,27,5);
INSERT INTO "attendance" VALUES(697,'2026-05-27','present','','2026-06-19 17:41:40.076224',NULL,27,5);
INSERT INTO "attendance" VALUES(698,'2026-05-26','present','','2026-06-19 17:41:40.080358',NULL,27,5);
INSERT INTO "attendance" VALUES(699,'2026-05-25','present','','2026-06-19 17:41:40.084349',NULL,27,5);
INSERT INTO "attendance" VALUES(700,'2026-05-23','present','','2026-06-19 17:41:40.088895',NULL,27,5);
INSERT INTO "attendance" VALUES(701,'2026-05-22','present','','2026-06-19 17:41:40.093766',NULL,27,5);
INSERT INTO "attendance" VALUES(702,'2026-05-21','present','','2026-06-19 17:41:40.098470',NULL,27,5);
INSERT INTO "attendance" VALUES(703,'2026-06-19','present','','2026-06-19 17:41:40.103557',NULL,28,5);
INSERT INTO "attendance" VALUES(704,'2026-06-18','leave','','2026-06-19 17:41:40.108439',NULL,28,5);
INSERT INTO "attendance" VALUES(705,'2026-06-17','present','','2026-06-19 17:41:40.112974',NULL,28,5);
INSERT INTO "attendance" VALUES(706,'2026-06-16','present','','2026-06-19 17:41:40.116832',NULL,28,5);
INSERT INTO "attendance" VALUES(707,'2026-06-15','late','','2026-06-19 17:41:40.122607',NULL,28,5);
INSERT INTO "attendance" VALUES(708,'2026-06-13','present','','2026-06-19 17:41:40.127295',NULL,28,5);
INSERT INTO "attendance" VALUES(709,'2026-06-12','present','','2026-06-19 17:41:40.131571',NULL,28,5);
INSERT INTO "attendance" VALUES(710,'2026-06-11','present','','2026-06-19 17:41:40.135561',NULL,28,5);
INSERT INTO "attendance" VALUES(711,'2026-06-10','present','','2026-06-19 17:41:40.141621',NULL,28,5);
INSERT INTO "attendance" VALUES(712,'2026-06-09','present','','2026-06-19 17:41:40.148336',NULL,28,5);
INSERT INTO "attendance" VALUES(713,'2026-06-08','present','','2026-06-19 17:41:40.154127',NULL,28,5);
INSERT INTO "attendance" VALUES(714,'2026-06-06','present','','2026-06-19 17:41:40.158529',NULL,28,5);
INSERT INTO "attendance" VALUES(715,'2026-06-05','present','','2026-06-19 17:41:40.164227',NULL,28,5);
INSERT INTO "attendance" VALUES(716,'2026-06-04','present','','2026-06-19 17:41:40.169108',NULL,28,5);
INSERT INTO "attendance" VALUES(717,'2026-06-03','present','','2026-06-19 17:41:40.174596',NULL,28,5);
INSERT INTO "attendance" VALUES(718,'2026-06-02','present','','2026-06-19 17:41:40.179753',NULL,28,5);
INSERT INTO "attendance" VALUES(719,'2026-06-01','present','','2026-06-19 17:41:40.184233',NULL,28,5);
INSERT INTO "attendance" VALUES(720,'2026-05-30','present','','2026-06-19 17:41:40.189995',NULL,28,5);
INSERT INTO "attendance" VALUES(721,'2026-05-29','absent','','2026-06-19 17:41:40.198534',NULL,28,5);
INSERT INTO "attendance" VALUES(722,'2026-05-28','present','','2026-06-19 17:41:40.203781',NULL,28,5);
INSERT INTO "attendance" VALUES(723,'2026-05-27','leave','','2026-06-19 17:41:40.208647',NULL,28,5);
INSERT INTO "attendance" VALUES(724,'2026-05-26','present','','2026-06-19 17:41:40.212568',NULL,28,5);
INSERT INTO "attendance" VALUES(725,'2026-05-25','present','','2026-06-19 17:41:40.222076',NULL,28,5);
INSERT INTO "attendance" VALUES(726,'2026-05-23','present','','2026-06-19 17:41:40.228219',NULL,28,5);
INSERT INTO "attendance" VALUES(727,'2026-05-22','leave','','2026-06-19 17:41:40.235918',NULL,28,5);
INSERT INTO "attendance" VALUES(728,'2026-05-21','late','','2026-06-19 17:41:40.243082',NULL,28,5);
INSERT INTO "attendance" VALUES(729,'2026-06-19','late','','2026-06-19 17:41:40.250054',NULL,29,5);
INSERT INTO "attendance" VALUES(730,'2026-06-18','absent','','2026-06-19 17:41:40.258892',NULL,29,5);
INSERT INTO "attendance" VALUES(731,'2026-06-17','present','','2026-06-19 17:41:40.262590',NULL,29,5);
INSERT INTO "attendance" VALUES(732,'2026-06-16','absent','','2026-06-19 17:41:40.266493',NULL,29,5);
INSERT INTO "attendance" VALUES(733,'2026-06-15','leave','','2026-06-19 17:41:40.270535',NULL,29,5);
INSERT INTO "attendance" VALUES(734,'2026-06-13','late','','2026-06-19 17:41:40.274877',NULL,29,5);
INSERT INTO "attendance" VALUES(735,'2026-06-12','leave','','2026-06-19 17:41:40.278625',NULL,29,5);
INSERT INTO "attendance" VALUES(736,'2026-06-11','present','','2026-06-19 17:41:40.281942',NULL,29,5);
INSERT INTO "attendance" VALUES(737,'2026-06-10','present','','2026-06-19 17:41:40.289056',NULL,29,5);
INSERT INTO "attendance" VALUES(738,'2026-06-09','present','','2026-06-19 17:41:40.294374',NULL,29,5);
INSERT INTO "attendance" VALUES(739,'2026-06-08','absent','','2026-06-19 17:41:40.298023',NULL,29,5);
INSERT INTO "attendance" VALUES(740,'2026-06-06','present','','2026-06-19 17:41:40.301438',NULL,29,5);
INSERT INTO "attendance" VALUES(741,'2026-06-05','present','','2026-06-19 17:41:40.305822',NULL,29,5);
INSERT INTO "attendance" VALUES(742,'2026-06-04','present','','2026-06-19 17:41:40.309504',NULL,29,5);
INSERT INTO "attendance" VALUES(743,'2026-06-03','late','','2026-06-19 17:41:40.314085',NULL,29,5);
INSERT INTO "attendance" VALUES(744,'2026-06-02','absent','','2026-06-19 17:41:40.318177',NULL,29,5);
INSERT INTO "attendance" VALUES(745,'2026-06-01','absent','','2026-06-19 17:41:40.322149',NULL,29,5);
INSERT INTO "attendance" VALUES(746,'2026-05-30','present','','2026-06-19 17:41:40.325352',NULL,29,5);
INSERT INTO "attendance" VALUES(747,'2026-05-29','present','','2026-06-19 17:41:40.330093',NULL,29,5);
INSERT INTO "attendance" VALUES(748,'2026-05-28','present','','2026-06-19 17:41:40.334293',NULL,29,5);
INSERT INTO "attendance" VALUES(749,'2026-05-27','present','','2026-06-19 17:41:40.338484',NULL,29,5);
INSERT INTO "attendance" VALUES(750,'2026-05-26','absent','','2026-06-19 17:41:40.341939',NULL,29,5);
INSERT INTO "attendance" VALUES(751,'2026-05-25','present','','2026-06-19 17:41:40.348116',NULL,29,5);
INSERT INTO "attendance" VALUES(752,'2026-05-23','absent','','2026-06-19 17:41:40.352022',NULL,29,5);
INSERT INTO "attendance" VALUES(753,'2026-05-22','present','','2026-06-19 17:41:40.357193',NULL,29,5);
INSERT INTO "attendance" VALUES(754,'2026-05-21','present','','2026-06-19 17:41:40.363136',NULL,29,5);
INSERT INTO "attendance" VALUES(755,'2026-06-19','absent','','2026-06-19 17:41:40.367371',NULL,30,5);
INSERT INTO "attendance" VALUES(756,'2026-06-18','present','','2026-06-19 17:41:40.371453',NULL,30,5);
INSERT INTO "attendance" VALUES(757,'2026-06-17','present','','2026-06-19 17:41:40.376756',NULL,30,5);
INSERT INTO "attendance" VALUES(758,'2026-06-16','absent','','2026-06-19 17:41:40.382016',NULL,30,5);
INSERT INTO "attendance" VALUES(759,'2026-06-15','absent','','2026-06-19 17:41:40.385537',NULL,30,5);
INSERT INTO "attendance" VALUES(760,'2026-06-13','present','','2026-06-19 17:41:40.389491',NULL,30,5);
INSERT INTO "attendance" VALUES(761,'2026-06-12','present','','2026-06-19 17:41:40.393402',NULL,30,5);
INSERT INTO "attendance" VALUES(762,'2026-06-11','present','','2026-06-19 17:41:40.396583',NULL,30,5);
INSERT INTO "attendance" VALUES(763,'2026-06-10','present','','2026-06-19 17:41:40.399859',NULL,30,5);
INSERT INTO "attendance" VALUES(764,'2026-06-09','present','','2026-06-19 17:41:40.408097',NULL,30,5);
INSERT INTO "attendance" VALUES(765,'2026-06-08','present','','2026-06-19 17:41:40.414398',NULL,30,5);
INSERT INTO "attendance" VALUES(766,'2026-06-06','present','','2026-06-19 17:41:40.422679',NULL,30,5);
INSERT INTO "attendance" VALUES(767,'2026-06-05','present','','2026-06-19 17:41:40.430234',NULL,30,5);
INSERT INTO "attendance" VALUES(768,'2026-06-04','present','','2026-06-19 17:41:40.436365',NULL,30,5);
INSERT INTO "attendance" VALUES(769,'2026-06-03','late','','2026-06-19 17:41:40.442219',NULL,30,5);
INSERT INTO "attendance" VALUES(770,'2026-06-02','present','','2026-06-19 17:41:40.449012',NULL,30,5);
INSERT INTO "attendance" VALUES(771,'2026-06-01','present','','2026-06-19 17:41:40.455099',NULL,30,5);
INSERT INTO "attendance" VALUES(772,'2026-05-30','absent','','2026-06-19 17:41:40.461210',NULL,30,5);
INSERT INTO "attendance" VALUES(773,'2026-05-29','present','','2026-06-19 17:41:40.466800',NULL,30,5);
INSERT INTO "attendance" VALUES(774,'2026-05-28','absent','','2026-06-19 17:41:40.474471',NULL,30,5);
INSERT INTO "attendance" VALUES(775,'2026-05-27','present','','2026-06-19 17:41:40.479886',NULL,30,5);
INSERT INTO "attendance" VALUES(776,'2026-05-26','present','','2026-06-19 17:41:40.486880',NULL,30,5);
INSERT INTO "attendance" VALUES(777,'2026-05-25','present','','2026-06-19 17:41:40.491603',NULL,30,5);
INSERT INTO "attendance" VALUES(778,'2026-05-23','present','','2026-06-19 17:41:40.496394',NULL,30,5);
INSERT INTO "attendance" VALUES(779,'2026-05-22','present','','2026-06-19 17:41:40.500760',NULL,30,5);
INSERT INTO "attendance" VALUES(780,'2026-05-21','absent','','2026-06-19 17:41:40.505666',NULL,30,5);
INSERT INTO "attendance" VALUES(781,'2026-06-19','late','','2026-06-19 17:41:40.509940',NULL,31,5);
INSERT INTO "attendance" VALUES(782,'2026-06-18','present','','2026-06-19 17:41:40.514617',NULL,31,5);
INSERT INTO "attendance" VALUES(783,'2026-06-17','present','','2026-06-19 17:41:40.520098',NULL,31,5);
INSERT INTO "attendance" VALUES(784,'2026-06-16','present','','2026-06-19 17:41:40.526308',NULL,31,5);
INSERT INTO "attendance" VALUES(785,'2026-06-15','absent','','2026-06-19 17:41:40.530827',NULL,31,5);
INSERT INTO "attendance" VALUES(786,'2026-06-13','present','','2026-06-19 17:41:40.535703',NULL,31,5);
INSERT INTO "attendance" VALUES(787,'2026-06-12','present','','2026-06-19 17:41:40.540447',NULL,31,5);
INSERT INTO "attendance" VALUES(788,'2026-06-11','absent','','2026-06-19 17:41:40.544572',NULL,31,5);
INSERT INTO "attendance" VALUES(789,'2026-06-10','present','','2026-06-19 17:41:40.548386',NULL,31,5);
INSERT INTO "attendance" VALUES(790,'2026-06-09','leave','','2026-06-19 17:41:40.551767',NULL,31,5);
INSERT INTO "attendance" VALUES(791,'2026-06-08','present','','2026-06-19 17:41:40.556566',NULL,31,5);
INSERT INTO "attendance" VALUES(792,'2026-06-06','present','','2026-06-19 17:41:40.560131',NULL,31,5);
INSERT INTO "attendance" VALUES(793,'2026-06-05','late','','2026-06-19 17:41:40.563700',NULL,31,5);
INSERT INTO "attendance" VALUES(794,'2026-06-04','present','','2026-06-19 17:41:40.567060',NULL,31,5);
INSERT INTO "attendance" VALUES(795,'2026-06-03','late','','2026-06-19 17:41:40.570939',NULL,31,5);
INSERT INTO "attendance" VALUES(796,'2026-06-02','present','','2026-06-19 17:41:40.576307',NULL,31,5);
INSERT INTO "attendance" VALUES(797,'2026-06-01','present','','2026-06-19 17:41:40.582285',NULL,31,5);
INSERT INTO "attendance" VALUES(798,'2026-05-30','present','','2026-06-19 17:41:40.587432',NULL,31,5);
INSERT INTO "attendance" VALUES(799,'2026-05-29','present','','2026-06-19 17:41:40.590934',NULL,31,5);
INSERT INTO "attendance" VALUES(800,'2026-05-28','present','','2026-06-19 17:41:40.594624',NULL,31,5);
INSERT INTO "attendance" VALUES(801,'2026-05-27','present','','2026-06-19 17:41:40.598221',NULL,31,5);
INSERT INTO "attendance" VALUES(802,'2026-05-26','absent','','2026-06-19 17:41:40.601470',NULL,31,5);
INSERT INTO "attendance" VALUES(803,'2026-05-25','present','','2026-06-19 17:41:40.605675',NULL,31,5);
INSERT INTO "attendance" VALUES(804,'2026-05-23','late','','2026-06-19 17:41:40.609429',NULL,31,5);
INSERT INTO "attendance" VALUES(805,'2026-05-22','present','','2026-06-19 17:41:40.613050',NULL,31,5);
INSERT INTO "attendance" VALUES(806,'2026-05-21','present','','2026-06-19 17:41:40.617027',NULL,31,5);
INSERT INTO "attendance" VALUES(807,'2026-06-19','late','','2026-06-19 17:41:40.620666',NULL,32,5);
INSERT INTO "attendance" VALUES(808,'2026-06-18','present','','2026-06-19 17:41:40.624096',NULL,32,5);
INSERT INTO "attendance" VALUES(809,'2026-06-17','present','','2026-06-19 17:41:40.627367',NULL,32,5);
INSERT INTO "attendance" VALUES(810,'2026-06-16','leave','','2026-06-19 17:41:40.630413',NULL,32,5);
INSERT INTO "attendance" VALUES(811,'2026-06-15','present','','2026-06-19 17:41:40.633427',NULL,32,5);
INSERT INTO "attendance" VALUES(812,'2026-06-13','present','','2026-06-19 17:41:40.638770',NULL,32,5);
INSERT INTO "attendance" VALUES(813,'2026-06-12','leave','','2026-06-19 17:41:40.644724',NULL,32,5);
INSERT INTO "attendance" VALUES(814,'2026-06-11','present','','2026-06-19 17:41:40.649856',NULL,32,5);
INSERT INTO "attendance" VALUES(815,'2026-06-10','present','','2026-06-19 17:41:40.654702',NULL,32,5);
INSERT INTO "attendance" VALUES(816,'2026-06-09','late','','2026-06-19 17:41:40.658581',NULL,32,5);
INSERT INTO "attendance" VALUES(817,'2026-06-08','late','','2026-06-19 17:41:40.661894',NULL,32,5);
INSERT INTO "attendance" VALUES(818,'2026-06-06','present','','2026-06-19 17:41:40.665765',NULL,32,5);
INSERT INTO "attendance" VALUES(819,'2026-06-05','present','','2026-06-19 17:41:40.670001',NULL,32,5);
INSERT INTO "attendance" VALUES(820,'2026-06-04','present','','2026-06-19 17:41:40.674319',NULL,32,5);
INSERT INTO "attendance" VALUES(821,'2026-06-03','leave','','2026-06-19 17:41:40.678552',NULL,32,5);
INSERT INTO "attendance" VALUES(822,'2026-06-02','present','','2026-06-19 17:41:40.683264',NULL,32,5);
INSERT INTO "attendance" VALUES(823,'2026-06-01','present','','2026-06-19 17:41:40.688962',NULL,32,5);
INSERT INTO "attendance" VALUES(824,'2026-05-30','present','','2026-06-19 17:41:40.693126',NULL,32,5);
INSERT INTO "attendance" VALUES(825,'2026-05-29','present','','2026-06-19 17:41:40.701924',NULL,32,5);
INSERT INTO "attendance" VALUES(826,'2026-05-28','late','','2026-06-19 17:41:40.708040',NULL,32,5);
INSERT INTO "attendance" VALUES(827,'2026-05-27','present','','2026-06-19 17:41:40.719204',NULL,32,5);
INSERT INTO "attendance" VALUES(828,'2026-05-26','present','','2026-06-19 17:41:40.727598',NULL,32,5);
INSERT INTO "attendance" VALUES(829,'2026-05-25','present','','2026-06-19 17:41:40.733225',NULL,32,5);
INSERT INTO "attendance" VALUES(830,'2026-05-23','present','','2026-06-19 17:41:40.737883',NULL,32,5);
INSERT INTO "attendance" VALUES(831,'2026-05-22','present','','2026-06-19 17:41:40.744527',NULL,32,5);
INSERT INTO "attendance" VALUES(832,'2026-05-21','present','','2026-06-19 17:41:40.750698',NULL,32,5);
INSERT INTO "attendance" VALUES(833,'2026-06-19','present','','2026-06-19 17:41:40.758044',NULL,33,6);
INSERT INTO "attendance" VALUES(834,'2026-06-18','present','','2026-06-19 17:41:40.763457',NULL,33,6);
INSERT INTO "attendance" VALUES(835,'2026-06-17','present','','2026-06-19 17:41:40.769250',NULL,33,6);
INSERT INTO "attendance" VALUES(836,'2026-06-16','absent','','2026-06-19 17:41:40.776556',NULL,33,6);
INSERT INTO "attendance" VALUES(837,'2026-06-15','present','','2026-06-19 17:41:40.781375',NULL,33,6);
INSERT INTO "attendance" VALUES(838,'2026-06-13','late','','2026-06-19 17:41:40.794141',NULL,33,6);
INSERT INTO "attendance" VALUES(839,'2026-06-12','leave','','2026-06-19 17:41:40.798991',NULL,33,6);
INSERT INTO "attendance" VALUES(840,'2026-06-11','present','','2026-06-19 17:41:40.804662',NULL,33,6);
INSERT INTO "attendance" VALUES(841,'2026-06-10','present','','2026-06-19 17:41:40.810997',NULL,33,6);
INSERT INTO "attendance" VALUES(842,'2026-06-09','absent','','2026-06-19 17:41:40.822062',NULL,33,6);
INSERT INTO "attendance" VALUES(843,'2026-06-08','absent','','2026-06-19 17:41:40.826879',NULL,33,6);
INSERT INTO "attendance" VALUES(844,'2026-06-06','present','','2026-06-19 17:41:40.831942',NULL,33,6);
INSERT INTO "attendance" VALUES(845,'2026-06-05','late','','2026-06-19 17:41:40.838456',NULL,33,6);
INSERT INTO "attendance" VALUES(846,'2026-06-04','late','','2026-06-19 17:41:40.849631',NULL,33,6);
INSERT INTO "attendance" VALUES(847,'2026-06-03','absent','','2026-06-19 17:41:40.854382',NULL,33,6);
INSERT INTO "attendance" VALUES(848,'2026-06-02','present','','2026-06-19 17:41:40.861035',NULL,33,6);
INSERT INTO "attendance" VALUES(849,'2026-06-01','present','','2026-06-19 17:41:40.871175',NULL,33,6);
INSERT INTO "attendance" VALUES(850,'2026-05-30','absent','','2026-06-19 17:41:40.880424',NULL,33,6);
INSERT INTO "attendance" VALUES(851,'2026-05-29','absent','','2026-06-19 17:41:40.886631',NULL,33,6);
INSERT INTO "attendance" VALUES(852,'2026-05-28','present','','2026-06-19 17:41:40.899265',NULL,33,6);
INSERT INTO "attendance" VALUES(853,'2026-05-27','present','','2026-06-19 17:41:40.909133',NULL,33,6);
INSERT INTO "attendance" VALUES(854,'2026-05-26','present','','2026-06-19 17:41:40.914301',NULL,33,6);
INSERT INTO "attendance" VALUES(855,'2026-05-25','absent','','2026-06-19 17:41:40.922526',NULL,33,6);
INSERT INTO "attendance" VALUES(856,'2026-05-23','present','','2026-06-19 17:41:40.928332',NULL,33,6);
INSERT INTO "attendance" VALUES(857,'2026-05-22','present','','2026-06-19 17:41:40.935623',NULL,33,6);
INSERT INTO "attendance" VALUES(858,'2026-05-21','present','','2026-06-19 17:41:40.944002',NULL,33,6);
INSERT INTO "attendance" VALUES(859,'2026-06-19','present','','2026-06-19 17:41:40.950149',NULL,34,6);
INSERT INTO "attendance" VALUES(860,'2026-06-18','absent','','2026-06-19 17:41:40.957798',NULL,34,6);
INSERT INTO "attendance" VALUES(861,'2026-06-17','present','','2026-06-19 17:41:40.963805',NULL,34,6);
INSERT INTO "attendance" VALUES(862,'2026-06-16','leave','','2026-06-19 17:41:40.969295',NULL,34,6);
INSERT INTO "attendance" VALUES(863,'2026-06-15','absent','','2026-06-19 17:41:40.976588',NULL,34,6);
INSERT INTO "attendance" VALUES(864,'2026-06-13','absent','','2026-06-19 17:41:40.983244',NULL,34,6);
INSERT INTO "attendance" VALUES(865,'2026-06-12','present','','2026-06-19 17:41:40.989711',NULL,34,6);
INSERT INTO "attendance" VALUES(866,'2026-06-11','present','','2026-06-19 17:41:40.996320',NULL,34,6);
INSERT INTO "attendance" VALUES(867,'2026-06-10','present','','2026-06-19 17:41:41.000423',NULL,34,6);
INSERT INTO "attendance" VALUES(868,'2026-06-09','absent','','2026-06-19 17:41:41.006116',NULL,34,6);
INSERT INTO "attendance" VALUES(869,'2026-06-08','present','','2026-06-19 17:41:41.010386',NULL,34,6);
INSERT INTO "attendance" VALUES(870,'2026-06-06','present','','2026-06-19 17:41:41.013774',NULL,34,6);
INSERT INTO "attendance" VALUES(871,'2026-06-05','present','','2026-06-19 17:41:41.016943',NULL,34,6);
INSERT INTO "attendance" VALUES(872,'2026-06-04','present','','2026-06-19 17:41:41.020713',NULL,34,6);
INSERT INTO "attendance" VALUES(873,'2026-06-03','present','','2026-06-19 17:41:41.025104',NULL,34,6);
INSERT INTO "attendance" VALUES(874,'2026-06-02','absent','','2026-06-19 17:41:41.029647',NULL,34,6);
INSERT INTO "attendance" VALUES(875,'2026-06-01','present','','2026-06-19 17:41:41.032754',NULL,34,6);
INSERT INTO "attendance" VALUES(876,'2026-05-30','absent','','2026-06-19 17:41:41.037037',NULL,34,6);
INSERT INTO "attendance" VALUES(877,'2026-05-29','present','','2026-06-19 17:41:41.041525',NULL,34,6);
INSERT INTO "attendance" VALUES(878,'2026-05-28','present','','2026-06-19 17:41:41.045220',NULL,34,6);
INSERT INTO "attendance" VALUES(879,'2026-05-27','present','','2026-06-19 17:41:41.048560',NULL,34,6);
INSERT INTO "attendance" VALUES(880,'2026-05-26','present','','2026-06-19 17:41:41.052684',NULL,34,6);
INSERT INTO "attendance" VALUES(881,'2026-05-25','present','','2026-06-19 17:41:41.056892',NULL,34,6);
INSERT INTO "attendance" VALUES(882,'2026-05-23','late','','2026-06-19 17:41:41.061626',NULL,34,6);
INSERT INTO "attendance" VALUES(883,'2026-05-22','present','','2026-06-19 17:41:41.066149',NULL,34,6);
INSERT INTO "attendance" VALUES(884,'2026-05-21','leave','','2026-06-19 17:41:41.070182',NULL,34,6);
INSERT INTO "attendance" VALUES(885,'2026-06-19','present','','2026-06-19 17:41:41.074550',NULL,35,6);
INSERT INTO "attendance" VALUES(886,'2026-06-18','leave','','2026-06-19 17:41:41.078034',NULL,35,6);
INSERT INTO "attendance" VALUES(887,'2026-06-17','present','','2026-06-19 17:41:41.081905',NULL,35,6);
INSERT INTO "attendance" VALUES(888,'2026-06-16','leave','','2026-06-19 17:41:41.085406',NULL,35,6);
INSERT INTO "attendance" VALUES(889,'2026-06-15','present','','2026-06-19 17:41:41.090538',NULL,35,6);
INSERT INTO "attendance" VALUES(890,'2026-06-13','leave','','2026-06-19 17:41:41.094929',NULL,35,6);
INSERT INTO "attendance" VALUES(891,'2026-06-12','absent','','2026-06-19 17:41:41.098161',NULL,35,6);
INSERT INTO "attendance" VALUES(892,'2026-06-11','leave','','2026-06-19 17:41:41.103510',NULL,35,6);
INSERT INTO "attendance" VALUES(893,'2026-06-10','present','','2026-06-19 17:41:41.108648',NULL,35,6);
INSERT INTO "attendance" VALUES(894,'2026-06-09','present','','2026-06-19 17:41:41.113893',NULL,35,6);
INSERT INTO "attendance" VALUES(895,'2026-06-08','present','','2026-06-19 17:41:41.118032',NULL,35,6);
INSERT INTO "attendance" VALUES(896,'2026-06-06','leave','','2026-06-19 17:41:41.123013',NULL,35,6);
INSERT INTO "attendance" VALUES(897,'2026-06-05','present','','2026-06-19 17:41:41.127788',NULL,35,6);
INSERT INTO "attendance" VALUES(898,'2026-06-04','present','','2026-06-19 17:41:41.133443',NULL,35,6);
INSERT INTO "attendance" VALUES(899,'2026-06-03','present','','2026-06-19 17:41:41.138051',NULL,35,6);
INSERT INTO "attendance" VALUES(900,'2026-06-02','late','','2026-06-19 17:41:41.141709',NULL,35,6);
INSERT INTO "attendance" VALUES(901,'2026-06-01','present','','2026-06-19 17:41:41.146892',NULL,35,6);
INSERT INTO "attendance" VALUES(902,'2026-05-30','present','','2026-06-19 17:41:41.152544',NULL,35,6);
INSERT INTO "attendance" VALUES(903,'2026-05-29','present','','2026-06-19 17:41:41.157174',NULL,35,6);
INSERT INTO "attendance" VALUES(904,'2026-05-28','late','','2026-06-19 17:41:41.160951',NULL,35,6);
INSERT INTO "attendance" VALUES(905,'2026-05-27','absent','','2026-06-19 17:41:41.168191',NULL,35,6);
INSERT INTO "attendance" VALUES(906,'2026-05-26','present','','2026-06-19 17:41:41.173259',NULL,35,6);
INSERT INTO "attendance" VALUES(907,'2026-05-25','present','','2026-06-19 17:41:41.178561',NULL,35,6);
INSERT INTO "attendance" VALUES(908,'2026-05-23','late','','2026-06-19 17:41:41.183092',NULL,35,6);
INSERT INTO "attendance" VALUES(909,'2026-05-22','present','','2026-06-19 17:41:41.187160',NULL,35,6);
INSERT INTO "attendance" VALUES(910,'2026-05-21','present','','2026-06-19 17:41:41.191303',NULL,35,6);
INSERT INTO "attendance" VALUES(911,'2026-06-19','present','','2026-06-19 17:41:41.195495',NULL,36,6);
INSERT INTO "attendance" VALUES(912,'2026-06-18','present','','2026-06-19 17:41:41.201833',NULL,36,6);
INSERT INTO "attendance" VALUES(913,'2026-06-17','late','','2026-06-19 17:41:41.205681',NULL,36,6);
INSERT INTO "attendance" VALUES(914,'2026-06-16','present','','2026-06-19 17:41:41.209508',NULL,36,6);
INSERT INTO "attendance" VALUES(915,'2026-06-15','present','','2026-06-19 17:41:41.213787',NULL,36,6);
INSERT INTO "attendance" VALUES(916,'2026-06-13','present','','2026-06-19 17:41:41.217289',NULL,36,6);
INSERT INTO "attendance" VALUES(917,'2026-06-12','absent','','2026-06-19 17:41:41.224764',NULL,36,6);
INSERT INTO "attendance" VALUES(918,'2026-06-11','late','','2026-06-19 17:41:41.229158',NULL,36,6);
INSERT INTO "attendance" VALUES(919,'2026-06-10','present','','2026-06-19 17:41:41.234139',NULL,36,6);
INSERT INTO "attendance" VALUES(920,'2026-06-09','present','','2026-06-19 17:41:41.239031',NULL,36,6);
INSERT INTO "attendance" VALUES(921,'2026-06-08','absent','','2026-06-19 17:41:41.242605',NULL,36,6);
INSERT INTO "attendance" VALUES(922,'2026-06-06','present','','2026-06-19 17:41:41.247047',NULL,36,6);
INSERT INTO "attendance" VALUES(923,'2026-06-05','present','','2026-06-19 17:41:41.251290',NULL,36,6);
INSERT INTO "attendance" VALUES(924,'2026-06-04','present','','2026-06-19 17:41:41.255165',NULL,36,6);
INSERT INTO "attendance" VALUES(925,'2026-06-03','present','','2026-06-19 17:41:41.259675',NULL,36,6);
INSERT INTO "attendance" VALUES(926,'2026-06-02','present','','2026-06-19 17:41:41.263450',NULL,36,6);
INSERT INTO "attendance" VALUES(927,'2026-06-01','present','','2026-06-19 17:41:41.268547',NULL,36,6);
INSERT INTO "attendance" VALUES(928,'2026-05-30','absent','','2026-06-19 17:41:41.273072',NULL,36,6);
INSERT INTO "attendance" VALUES(929,'2026-05-29','present','','2026-06-19 17:41:41.279116',NULL,36,6);
INSERT INTO "attendance" VALUES(930,'2026-05-28','present','','2026-06-19 17:41:41.282545',NULL,36,6);
INSERT INTO "attendance" VALUES(931,'2026-05-27','present','','2026-06-19 17:41:41.285911',NULL,36,6);
INSERT INTO "attendance" VALUES(932,'2026-05-26','present','','2026-06-19 17:41:41.289572',NULL,36,6);
INSERT INTO "attendance" VALUES(933,'2026-05-25','present','','2026-06-19 17:41:41.293432',NULL,36,6);
INSERT INTO "attendance" VALUES(934,'2026-05-23','present','','2026-06-19 17:41:41.297699',NULL,36,6);
INSERT INTO "attendance" VALUES(935,'2026-05-22','present','','2026-06-19 17:41:41.301917',NULL,36,6);
INSERT INTO "attendance" VALUES(936,'2026-05-21','present','','2026-06-19 17:41:41.306032',NULL,36,6);
INSERT INTO "attendance" VALUES(937,'2026-06-19','present','','2026-06-19 17:41:41.309616',NULL,37,6);
INSERT INTO "attendance" VALUES(938,'2026-06-18','present','','2026-06-19 17:41:41.313287',NULL,37,6);
INSERT INTO "attendance" VALUES(939,'2026-06-17','present','','2026-06-19 17:41:41.316440',NULL,37,6);
INSERT INTO "attendance" VALUES(940,'2026-06-16','present','','2026-06-19 17:41:41.319518',NULL,37,6);
INSERT INTO "attendance" VALUES(941,'2026-06-15','present','','2026-06-19 17:41:41.322962',NULL,37,6);
INSERT INTO "attendance" VALUES(942,'2026-06-13','present','','2026-06-19 17:41:41.326821',NULL,37,6);
INSERT INTO "attendance" VALUES(943,'2026-06-12','present','','2026-06-19 17:41:41.332467',NULL,37,6);
INSERT INTO "attendance" VALUES(944,'2026-06-11','present','','2026-06-19 17:41:41.337381',NULL,37,6);
INSERT INTO "attendance" VALUES(945,'2026-06-10','present','','2026-06-19 17:41:41.341097',NULL,37,6);
INSERT INTO "attendance" VALUES(946,'2026-06-09','present','','2026-06-19 17:41:41.344886',NULL,37,6);
INSERT INTO "attendance" VALUES(947,'2026-06-08','present','','2026-06-19 17:41:41.349100',NULL,37,6);
INSERT INTO "attendance" VALUES(948,'2026-06-06','present','','2026-06-19 17:41:41.352515',NULL,37,6);
INSERT INTO "attendance" VALUES(949,'2026-06-05','absent','','2026-06-19 17:41:41.356295',NULL,37,6);
INSERT INTO "attendance" VALUES(950,'2026-06-04','present','','2026-06-19 17:41:41.359844',NULL,37,6);
INSERT INTO "attendance" VALUES(951,'2026-06-03','present','','2026-06-19 17:41:41.363960',NULL,37,6);
INSERT INTO "attendance" VALUES(952,'2026-06-02','leave','','2026-06-19 17:41:41.367387',NULL,37,6);
INSERT INTO "attendance" VALUES(953,'2026-06-01','absent','','2026-06-19 17:41:41.371099',NULL,37,6);
INSERT INTO "attendance" VALUES(954,'2026-05-30','absent','','2026-06-19 17:41:41.374409',NULL,37,6);
INSERT INTO "attendance" VALUES(955,'2026-05-29','present','','2026-06-19 17:41:41.377607',NULL,37,6);
INSERT INTO "attendance" VALUES(956,'2026-05-28','present','','2026-06-19 17:41:41.380681',NULL,37,6);
INSERT INTO "attendance" VALUES(957,'2026-05-27','present','','2026-06-19 17:41:41.384161',NULL,37,6);
INSERT INTO "attendance" VALUES(958,'2026-05-26','absent','','2026-06-19 17:41:41.389499',NULL,37,6);
INSERT INTO "attendance" VALUES(959,'2026-05-25','absent','','2026-06-19 17:41:41.393909',NULL,37,6);
INSERT INTO "attendance" VALUES(960,'2026-05-23','present','','2026-06-19 17:41:41.398148',NULL,37,6);
INSERT INTO "attendance" VALUES(961,'2026-05-22','present','','2026-06-19 17:41:41.402526',NULL,37,6);
INSERT INTO "attendance" VALUES(962,'2026-05-21','present','','2026-06-19 17:41:41.406688',NULL,37,6);
INSERT INTO "attendance" VALUES(963,'2026-06-19','present','','2026-06-19 17:41:41.410039',NULL,38,6);
INSERT INTO "attendance" VALUES(964,'2026-06-18','present','','2026-06-19 17:41:41.413424',NULL,38,6);
INSERT INTO "attendance" VALUES(965,'2026-06-17','late','','2026-06-19 17:41:41.418871',NULL,38,6);
INSERT INTO "attendance" VALUES(966,'2026-06-16','present','','2026-06-19 17:41:41.424242',NULL,38,6);
INSERT INTO "attendance" VALUES(967,'2026-06-15','present','','2026-06-19 17:41:41.427499',NULL,38,6);
INSERT INTO "attendance" VALUES(968,'2026-06-13','present','','2026-06-19 17:41:41.431800',NULL,38,6);
INSERT INTO "attendance" VALUES(969,'2026-06-12','present','','2026-06-19 17:41:41.435418',NULL,38,6);
INSERT INTO "attendance" VALUES(970,'2026-06-11','present','','2026-06-19 17:41:41.440378',NULL,38,6);
INSERT INTO "attendance" VALUES(971,'2026-06-10','present','','2026-06-19 17:41:41.444267',NULL,38,6);
INSERT INTO "attendance" VALUES(972,'2026-06-09','present','','2026-06-19 17:41:41.447724',NULL,38,6);
INSERT INTO "attendance" VALUES(973,'2026-06-08','present','','2026-06-19 17:41:41.450622',NULL,38,6);
INSERT INTO "attendance" VALUES(974,'2026-06-06','present','','2026-06-19 17:41:41.454687',NULL,38,6);
INSERT INTO "attendance" VALUES(975,'2026-06-05','present','','2026-06-19 17:41:41.458657',NULL,38,6);
INSERT INTO "attendance" VALUES(976,'2026-06-04','present','','2026-06-19 17:41:41.462686',NULL,38,6);
INSERT INTO "attendance" VALUES(977,'2026-06-03','late','','2026-06-19 17:41:41.466588',NULL,38,6);
INSERT INTO "attendance" VALUES(978,'2026-06-02','present','','2026-06-19 17:41:41.471299',NULL,38,6);
INSERT INTO "attendance" VALUES(979,'2026-06-01','present','','2026-06-19 17:41:41.475852',NULL,38,6);
INSERT INTO "attendance" VALUES(980,'2026-05-30','late','','2026-06-19 17:41:41.479188',NULL,38,6);
INSERT INTO "attendance" VALUES(981,'2026-05-29','present','','2026-06-19 17:41:41.482885',NULL,38,6);
INSERT INTO "attendance" VALUES(982,'2026-05-28','present','','2026-06-19 17:41:41.486798',NULL,38,6);
INSERT INTO "attendance" VALUES(983,'2026-05-27','late','','2026-06-19 17:41:41.492123',NULL,38,6);
INSERT INTO "attendance" VALUES(984,'2026-05-26','present','','2026-06-19 17:41:41.497447',NULL,38,6);
INSERT INTO "attendance" VALUES(985,'2026-05-25','leave','','2026-06-19 17:41:41.500998',NULL,38,6);
INSERT INTO "attendance" VALUES(986,'2026-05-23','present','','2026-06-19 17:41:41.505006',NULL,38,6);
INSERT INTO "attendance" VALUES(987,'2026-05-22','absent','','2026-06-19 17:41:41.508403',NULL,38,6);
INSERT INTO "attendance" VALUES(988,'2026-05-21','absent','','2026-06-19 17:41:41.512559',NULL,38,6);
INSERT INTO "attendance" VALUES(989,'2026-06-19','late','','2026-06-19 17:41:41.515960',NULL,39,6);
INSERT INTO "attendance" VALUES(990,'2026-06-18','late','','2026-06-19 17:41:41.519204',NULL,39,6);
INSERT INTO "attendance" VALUES(991,'2026-06-17','present','','2026-06-19 17:41:41.522593',NULL,39,6);
INSERT INTO "attendance" VALUES(992,'2026-06-16','late','','2026-06-19 17:41:41.525832',NULL,39,6);
INSERT INTO "attendance" VALUES(993,'2026-06-15','present','','2026-06-19 17:41:41.529492',NULL,39,6);
INSERT INTO "attendance" VALUES(994,'2026-06-13','present','','2026-06-19 17:41:41.534047',NULL,39,6);
INSERT INTO "attendance" VALUES(995,'2026-06-12','present','','2026-06-19 17:41:41.538063',NULL,39,6);
INSERT INTO "attendance" VALUES(996,'2026-06-11','present','','2026-06-19 17:41:41.541415',NULL,39,6);
INSERT INTO "attendance" VALUES(997,'2026-06-10','absent','','2026-06-19 17:41:41.544727',NULL,39,6);
INSERT INTO "attendance" VALUES(998,'2026-06-09','present','','2026-06-19 17:41:41.547796',NULL,39,6);
INSERT INTO "attendance" VALUES(999,'2026-06-08','late','','2026-06-19 17:41:41.551770',NULL,39,6);
INSERT INTO "attendance" VALUES(1000,'2026-06-06','absent','','2026-06-19 17:41:41.556809',NULL,39,6);
INSERT INTO "attendance" VALUES(1001,'2026-06-05','leave','','2026-06-19 17:41:41.562788',NULL,39,6);
INSERT INTO "attendance" VALUES(1002,'2026-06-04','present','','2026-06-19 17:41:41.567790',NULL,39,6);
INSERT INTO "attendance" VALUES(1003,'2026-06-03','present','','2026-06-19 17:41:41.572018',NULL,39,6);
INSERT INTO "attendance" VALUES(1004,'2026-06-02','absent','','2026-06-19 17:41:41.575593',NULL,39,6);
INSERT INTO "attendance" VALUES(1005,'2026-06-01','absent','','2026-06-19 17:41:41.579483',NULL,39,6);
INSERT INTO "attendance" VALUES(1006,'2026-05-30','leave','','2026-06-19 17:41:41.582706',NULL,39,6);
INSERT INTO "attendance" VALUES(1007,'2026-05-29','present','','2026-06-19 17:41:41.585909',NULL,39,6);
INSERT INTO "attendance" VALUES(1008,'2026-05-28','present','','2026-06-19 17:41:41.591034',NULL,39,6);
INSERT INTO "attendance" VALUES(1009,'2026-05-27','absent','','2026-06-19 17:41:41.595911',NULL,39,6);
INSERT INTO "attendance" VALUES(1010,'2026-05-26','present','','2026-06-19 17:41:41.600446',NULL,39,6);
INSERT INTO "attendance" VALUES(1011,'2026-05-25','late','','2026-06-19 17:41:41.604195',NULL,39,6);
INSERT INTO "attendance" VALUES(1012,'2026-05-23','present','','2026-06-19 17:41:41.609520',NULL,39,6);
INSERT INTO "attendance" VALUES(1013,'2026-05-22','late','','2026-06-19 17:41:41.616533',NULL,39,6);
INSERT INTO "attendance" VALUES(1014,'2026-05-21','present','','2026-06-19 17:41:41.625724',NULL,39,6);
INSERT INTO "attendance" VALUES(1015,'2026-06-19','present','','2026-06-19 17:41:41.633262',NULL,40,6);
INSERT INTO "attendance" VALUES(1016,'2026-06-18','leave','','2026-06-19 17:41:41.639329',NULL,40,6);
INSERT INTO "attendance" VALUES(1017,'2026-06-17','present','','2026-06-19 17:41:41.645567',NULL,40,6);
INSERT INTO "attendance" VALUES(1018,'2026-06-16','leave','','2026-06-19 17:41:41.651328',NULL,40,6);
INSERT INTO "attendance" VALUES(1019,'2026-06-15','present','','2026-06-19 17:41:41.659510',NULL,40,6);
INSERT INTO "attendance" VALUES(1020,'2026-06-13','present','','2026-06-19 17:41:41.666438',NULL,40,6);
INSERT INTO "attendance" VALUES(1021,'2026-06-12','present','','2026-06-19 17:41:41.674046',NULL,40,6);
INSERT INTO "attendance" VALUES(1022,'2026-06-11','present','','2026-06-19 17:41:41.679316',NULL,40,6);
INSERT INTO "attendance" VALUES(1023,'2026-06-10','absent','','2026-06-19 17:41:41.683560',NULL,40,6);
INSERT INTO "attendance" VALUES(1024,'2026-06-09','present','','2026-06-19 17:41:41.692489',NULL,40,6);
INSERT INTO "attendance" VALUES(1025,'2026-06-08','present','','2026-06-19 17:41:41.697415',NULL,40,6);
INSERT INTO "attendance" VALUES(1026,'2026-06-06','leave','','2026-06-19 17:41:41.703946',NULL,40,6);
INSERT INTO "attendance" VALUES(1027,'2026-06-05','present','','2026-06-19 17:41:41.710356',NULL,40,6);
INSERT INTO "attendance" VALUES(1028,'2026-06-04','present','','2026-06-19 17:41:41.716569',NULL,40,6);
INSERT INTO "attendance" VALUES(1029,'2026-06-03','present','','2026-06-19 17:41:41.725881',NULL,40,6);
INSERT INTO "attendance" VALUES(1030,'2026-06-02','late','','2026-06-19 17:41:41.731355',NULL,40,6);
INSERT INTO "attendance" VALUES(1031,'2026-06-01','present','','2026-06-19 17:41:41.739527',NULL,40,6);
INSERT INTO "attendance" VALUES(1032,'2026-05-30','present','','2026-06-19 17:41:41.745786',NULL,40,6);
INSERT INTO "attendance" VALUES(1033,'2026-05-29','present','','2026-06-19 17:41:41.755489',NULL,40,6);
INSERT INTO "attendance" VALUES(1034,'2026-05-28','absent','','2026-06-19 17:41:41.763018',NULL,40,6);
INSERT INTO "attendance" VALUES(1035,'2026-05-27','present','','2026-06-19 17:41:41.770166',NULL,40,6);
INSERT INTO "attendance" VALUES(1036,'2026-05-26','present','','2026-06-19 17:41:41.776670',NULL,40,6);
INSERT INTO "attendance" VALUES(1037,'2026-05-25','present','','2026-06-19 17:41:41.782145',NULL,40,6);
INSERT INTO "attendance" VALUES(1038,'2026-05-23','absent','','2026-06-19 17:41:41.790713',NULL,40,6);
INSERT INTO "attendance" VALUES(1039,'2026-05-22','present','','2026-06-19 17:41:41.796622',NULL,40,6);
INSERT INTO "attendance" VALUES(1040,'2026-05-21','present','','2026-06-19 17:41:41.805114',NULL,40,6);
INSERT INTO "attendance" VALUES(1041,'2026-06-19','present','','2026-06-19 17:41:41.810372',NULL,41,7);
INSERT INTO "attendance" VALUES(1042,'2026-06-18','late','','2026-06-19 17:41:41.817086',NULL,41,7);
INSERT INTO "attendance" VALUES(1043,'2026-06-17','present','','2026-06-19 17:41:41.822868',NULL,41,7);
INSERT INTO "attendance" VALUES(1044,'2026-06-16','present','','2026-06-19 17:41:41.830086',NULL,41,7);
INSERT INTO "attendance" VALUES(1045,'2026-06-15','present','','2026-06-19 17:41:41.837521',NULL,41,7);
INSERT INTO "attendance" VALUES(1046,'2026-06-13','absent','','2026-06-19 17:41:41.844423',NULL,41,7);
INSERT INTO "attendance" VALUES(1047,'2026-06-12','leave','','2026-06-19 17:41:41.851249',NULL,41,7);
INSERT INTO "attendance" VALUES(1048,'2026-06-11','present','','2026-06-19 17:41:41.855984',NULL,41,7);
INSERT INTO "attendance" VALUES(1049,'2026-06-10','present','','2026-06-19 17:41:41.870556',NULL,41,7);
INSERT INTO "attendance" VALUES(1050,'2026-06-09','absent','','2026-06-19 17:41:41.879994',NULL,41,7);
INSERT INTO "attendance" VALUES(1051,'2026-06-08','present','','2026-06-19 17:41:41.891263',NULL,41,7);
INSERT INTO "attendance" VALUES(1052,'2026-06-06','present','','2026-06-19 17:41:41.900782',NULL,41,7);
INSERT INTO "attendance" VALUES(1053,'2026-06-05','present','','2026-06-19 17:41:41.908295',NULL,41,7);
INSERT INTO "attendance" VALUES(1054,'2026-06-04','absent','','2026-06-19 17:41:41.914638',NULL,41,7);
INSERT INTO "attendance" VALUES(1055,'2026-06-03','late','','2026-06-19 17:41:41.924088',NULL,41,7);
INSERT INTO "attendance" VALUES(1056,'2026-06-02','absent','','2026-06-19 17:41:41.939762',NULL,41,7);
INSERT INTO "attendance" VALUES(1057,'2026-06-01','present','','2026-06-19 17:41:41.949912',NULL,41,7);
INSERT INTO "attendance" VALUES(1058,'2026-05-30','leave','','2026-06-19 17:41:41.958235',NULL,41,7);
INSERT INTO "attendance" VALUES(1059,'2026-05-29','present','','2026-06-19 17:41:41.965293',NULL,41,7);
INSERT INTO "attendance" VALUES(1060,'2026-05-28','absent','','2026-06-19 17:41:41.976042',NULL,41,7);
INSERT INTO "attendance" VALUES(1061,'2026-05-27','present','','2026-06-19 17:41:41.990634',NULL,41,7);
INSERT INTO "attendance" VALUES(1062,'2026-05-26','present','','2026-06-19 17:41:42.005498',NULL,41,7);
INSERT INTO "attendance" VALUES(1063,'2026-05-25','absent','','2026-06-19 17:41:42.016378',NULL,41,7);
INSERT INTO "attendance" VALUES(1064,'2026-05-23','absent','','2026-06-19 17:41:42.027596',NULL,41,7);
INSERT INTO "attendance" VALUES(1065,'2026-05-22','absent','','2026-06-19 17:41:42.039973',NULL,41,7);
INSERT INTO "attendance" VALUES(1066,'2026-05-21','absent','','2026-06-19 17:41:42.047266',NULL,41,7);
INSERT INTO "attendance" VALUES(1067,'2026-06-19','absent','','2026-06-19 17:41:42.057588',NULL,42,7);
INSERT INTO "attendance" VALUES(1068,'2026-06-18','present','','2026-06-19 17:41:42.067715',NULL,42,7);
INSERT INTO "attendance" VALUES(1069,'2026-06-17','leave','','2026-06-19 17:41:42.078122',NULL,42,7);
INSERT INTO "attendance" VALUES(1070,'2026-06-16','late','','2026-06-19 17:41:42.089400',NULL,42,7);
INSERT INTO "attendance" VALUES(1071,'2026-06-15','present','','2026-06-19 17:41:42.101978',NULL,42,7);
INSERT INTO "attendance" VALUES(1072,'2026-06-13','present','','2026-06-19 17:41:42.113834',NULL,42,7);
INSERT INTO "attendance" VALUES(1073,'2026-06-12','present','','2026-06-19 17:41:42.119538',NULL,42,7);
INSERT INTO "attendance" VALUES(1074,'2026-06-11','present','','2026-06-19 17:41:42.127196',NULL,42,7);
INSERT INTO "attendance" VALUES(1075,'2026-06-10','present','','2026-06-19 17:41:42.132047',NULL,42,7);
INSERT INTO "attendance" VALUES(1076,'2026-06-09','present','','2026-06-19 17:41:42.140879',NULL,42,7);
INSERT INTO "attendance" VALUES(1077,'2026-06-08','present','','2026-06-19 17:41:42.149853',NULL,42,7);
INSERT INTO "attendance" VALUES(1078,'2026-06-06','present','','2026-06-19 17:41:42.155246',NULL,42,7);
INSERT INTO "attendance" VALUES(1079,'2026-06-05','present','','2026-06-19 17:41:42.165547',NULL,42,7);
INSERT INTO "attendance" VALUES(1080,'2026-06-04','present','','2026-06-19 17:41:42.170453',NULL,42,7);
INSERT INTO "attendance" VALUES(1081,'2026-06-03','late','','2026-06-19 17:41:42.176345',NULL,42,7);
INSERT INTO "attendance" VALUES(1082,'2026-06-02','present','','2026-06-19 17:41:42.180158',NULL,42,7);
INSERT INTO "attendance" VALUES(1083,'2026-06-01','late','','2026-06-19 17:41:42.183644',NULL,42,7);
INSERT INTO "attendance" VALUES(1084,'2026-05-30','present','','2026-06-19 17:41:42.189698',NULL,42,7);
INSERT INTO "attendance" VALUES(1085,'2026-05-29','present','','2026-06-19 17:41:42.194117',NULL,42,7);
INSERT INTO "attendance" VALUES(1086,'2026-05-28','present','','2026-06-19 17:41:42.198050',NULL,42,7);
INSERT INTO "attendance" VALUES(1087,'2026-05-27','present','','2026-06-19 17:41:42.202883',NULL,42,7);
INSERT INTO "attendance" VALUES(1088,'2026-05-26','present','','2026-06-19 17:41:42.208370',NULL,42,7);
INSERT INTO "attendance" VALUES(1089,'2026-05-25','present','','2026-06-19 17:41:42.212208',NULL,42,7);
INSERT INTO "attendance" VALUES(1090,'2026-05-23','present','','2026-06-19 17:41:42.217188',NULL,42,7);
INSERT INTO "attendance" VALUES(1091,'2026-05-22','present','','2026-06-19 17:41:42.222280',NULL,42,7);
INSERT INTO "attendance" VALUES(1092,'2026-05-21','present','','2026-06-19 17:41:42.227356',NULL,42,7);
INSERT INTO "attendance" VALUES(1093,'2026-06-19','present','','2026-06-19 17:41:42.233515',NULL,43,7);
INSERT INTO "attendance" VALUES(1094,'2026-06-18','late','','2026-06-19 17:41:42.238633',NULL,43,7);
INSERT INTO "attendance" VALUES(1095,'2026-06-17','present','','2026-06-19 17:41:42.242262',NULL,43,7);
INSERT INTO "attendance" VALUES(1096,'2026-06-16','present','','2026-06-19 17:41:42.248967',NULL,43,7);
INSERT INTO "attendance" VALUES(1097,'2026-06-15','leave','','2026-06-19 17:41:42.253411',NULL,43,7);
INSERT INTO "attendance" VALUES(1098,'2026-06-13','present','','2026-06-19 17:41:42.257826',NULL,43,7);
INSERT INTO "attendance" VALUES(1099,'2026-06-12','present','','2026-06-19 17:41:42.263395',NULL,43,7);
INSERT INTO "attendance" VALUES(1100,'2026-06-11','absent','','2026-06-19 17:41:42.269994',NULL,43,7);
INSERT INTO "attendance" VALUES(1101,'2026-06-10','leave','','2026-06-19 17:41:42.275221',NULL,43,7);
INSERT INTO "attendance" VALUES(1102,'2026-06-09','present','','2026-06-19 17:41:42.279678',NULL,43,7);
INSERT INTO "attendance" VALUES(1103,'2026-06-08','present','','2026-06-19 17:41:42.283845',NULL,43,7);
INSERT INTO "attendance" VALUES(1104,'2026-06-06','present','','2026-06-19 17:41:42.291062',NULL,43,7);
INSERT INTO "attendance" VALUES(1105,'2026-06-05','present','','2026-06-19 17:41:42.298675',NULL,43,7);
INSERT INTO "attendance" VALUES(1106,'2026-06-04','absent','','2026-06-19 17:41:42.306635',NULL,43,7);
INSERT INTO "attendance" VALUES(1107,'2026-06-03','present','','2026-06-19 17:41:42.314209',NULL,43,7);
INSERT INTO "attendance" VALUES(1108,'2026-06-02','present','','2026-06-19 17:41:42.319122',NULL,43,7);
INSERT INTO "attendance" VALUES(1109,'2026-06-01','present','','2026-06-19 17:41:42.323840',NULL,43,7);
INSERT INTO "attendance" VALUES(1110,'2026-05-30','late','','2026-06-19 17:41:42.328138',NULL,43,7);
INSERT INTO "attendance" VALUES(1111,'2026-05-29','present','','2026-06-19 17:41:42.332674',NULL,43,7);
INSERT INTO "attendance" VALUES(1112,'2026-05-28','present','','2026-06-19 17:41:42.338228',NULL,43,7);
INSERT INTO "attendance" VALUES(1113,'2026-05-27','present','','2026-06-19 17:41:42.343449',NULL,43,7);
INSERT INTO "attendance" VALUES(1114,'2026-05-26','present','','2026-06-19 17:41:42.348641',NULL,43,7);
INSERT INTO "attendance" VALUES(1115,'2026-05-25','absent','','2026-06-19 17:41:42.354446',NULL,43,7);
INSERT INTO "attendance" VALUES(1116,'2026-05-23','late','','2026-06-19 17:41:42.358644',NULL,43,7);
INSERT INTO "attendance" VALUES(1117,'2026-05-22','present','','2026-06-19 17:41:42.362865',NULL,43,7);
INSERT INTO "attendance" VALUES(1118,'2026-05-21','present','','2026-06-19 17:41:42.366955',NULL,43,7);
INSERT INTO "attendance" VALUES(1119,'2026-06-19','present','','2026-06-19 17:41:42.372948',NULL,44,7);
INSERT INTO "attendance" VALUES(1120,'2026-06-18','present','','2026-06-19 17:41:42.378833',NULL,44,7);
INSERT INTO "attendance" VALUES(1121,'2026-06-17','present','','2026-06-19 17:41:42.384078',NULL,44,7);
INSERT INTO "attendance" VALUES(1122,'2026-06-16','present','','2026-06-19 17:41:42.394675',NULL,44,7);
INSERT INTO "attendance" VALUES(1123,'2026-06-15','present','','2026-06-19 17:41:42.400467',NULL,44,7);
INSERT INTO "attendance" VALUES(1124,'2026-06-13','present','','2026-06-19 17:41:42.409551',NULL,44,7);
INSERT INTO "attendance" VALUES(1125,'2026-06-12','present','','2026-06-19 17:41:42.414874',NULL,44,7);
INSERT INTO "attendance" VALUES(1126,'2026-06-11','present','','2026-06-19 17:41:42.427460',NULL,44,7);
INSERT INTO "attendance" VALUES(1127,'2026-06-10','present','','2026-06-19 17:41:42.435312',NULL,44,7);
INSERT INTO "attendance" VALUES(1128,'2026-06-09','leave','','2026-06-19 17:41:42.441903',NULL,44,7);
INSERT INTO "attendance" VALUES(1129,'2026-06-08','present','','2026-06-19 17:41:42.449159',NULL,44,7);
INSERT INTO "attendance" VALUES(1130,'2026-06-06','present','','2026-06-19 17:41:42.457746',NULL,44,7);
INSERT INTO "attendance" VALUES(1131,'2026-06-05','present','','2026-06-19 17:41:42.465231',NULL,44,7);
INSERT INTO "attendance" VALUES(1132,'2026-06-04','present','','2026-06-19 17:41:42.472693',NULL,44,7);
INSERT INTO "attendance" VALUES(1133,'2026-06-03','late','','2026-06-19 17:41:42.480119',NULL,44,7);
INSERT INTO "attendance" VALUES(1134,'2026-06-02','present','','2026-06-19 17:41:42.487422',NULL,44,7);
INSERT INTO "attendance" VALUES(1135,'2026-06-01','present','','2026-06-19 17:41:42.503490',NULL,44,7);
INSERT INTO "attendance" VALUES(1136,'2026-05-30','absent','','2026-06-19 17:41:42.508459',NULL,44,7);
INSERT INTO "attendance" VALUES(1137,'2026-05-29','present','','2026-06-19 17:41:42.512840',NULL,44,7);
INSERT INTO "attendance" VALUES(1138,'2026-05-28','present','','2026-06-19 17:41:42.516647',NULL,44,7);
INSERT INTO "attendance" VALUES(1139,'2026-05-27','present','','2026-06-19 17:41:42.521479',NULL,44,7);
INSERT INTO "attendance" VALUES(1140,'2026-05-26','present','','2026-06-19 17:41:42.526779',NULL,44,7);
INSERT INTO "attendance" VALUES(1141,'2026-05-25','present','','2026-06-19 17:41:42.532719',NULL,44,7);
INSERT INTO "attendance" VALUES(1142,'2026-05-23','absent','','2026-06-19 17:41:42.538251',NULL,44,7);
INSERT INTO "attendance" VALUES(1143,'2026-05-22','present','','2026-06-19 17:41:42.542980',NULL,44,7);
INSERT INTO "attendance" VALUES(1144,'2026-05-21','leave','','2026-06-19 17:41:42.547211',NULL,44,7);
INSERT INTO "attendance" VALUES(1145,'2026-06-19','present','','2026-06-19 17:41:42.552239',NULL,45,7);
INSERT INTO "attendance" VALUES(1146,'2026-06-18','late','','2026-06-19 17:41:42.559245',NULL,45,7);
INSERT INTO "attendance" VALUES(1147,'2026-06-17','late','','2026-06-19 17:41:42.564982',NULL,45,7);
INSERT INTO "attendance" VALUES(1148,'2026-06-16','absent','','2026-06-19 17:41:42.572343',NULL,45,7);
INSERT INTO "attendance" VALUES(1149,'2026-06-15','leave','','2026-06-19 17:41:42.576153',NULL,45,7);
INSERT INTO "attendance" VALUES(1150,'2026-06-13','present','','2026-06-19 17:41:42.580297',NULL,45,7);
INSERT INTO "attendance" VALUES(1151,'2026-06-12','present','','2026-06-19 17:41:42.586545',NULL,45,7);
INSERT INTO "attendance" VALUES(1152,'2026-06-11','present','','2026-06-19 17:41:42.593649',NULL,45,7);
INSERT INTO "attendance" VALUES(1153,'2026-06-10','present','','2026-06-19 17:41:42.599470',NULL,45,7);
INSERT INTO "attendance" VALUES(1154,'2026-06-09','present','','2026-06-19 17:41:42.605177',NULL,45,7);
INSERT INTO "attendance" VALUES(1155,'2026-06-08','leave','','2026-06-19 17:41:42.610102',NULL,45,7);
INSERT INTO "attendance" VALUES(1156,'2026-06-06','present','','2026-06-19 17:41:42.617319',NULL,45,7);
INSERT INTO "attendance" VALUES(1157,'2026-06-05','present','','2026-06-19 17:41:42.621088',NULL,45,7);
INSERT INTO "attendance" VALUES(1158,'2026-06-04','present','','2026-06-19 17:41:42.624547',NULL,45,7);
INSERT INTO "attendance" VALUES(1159,'2026-06-03','present','','2026-06-19 17:41:42.629243',NULL,45,7);
INSERT INTO "attendance" VALUES(1160,'2026-06-02','absent','','2026-06-19 17:41:42.634034',NULL,45,7);
INSERT INTO "attendance" VALUES(1161,'2026-06-01','present','','2026-06-19 17:41:42.638475',NULL,45,7);
INSERT INTO "attendance" VALUES(1162,'2026-05-30','present','','2026-06-19 17:41:42.641841',NULL,45,7);
INSERT INTO "attendance" VALUES(1163,'2026-05-29','late','','2026-06-19 17:41:42.645424',NULL,45,7);
INSERT INTO "attendance" VALUES(1164,'2026-05-28','leave','','2026-06-19 17:41:42.648782',NULL,45,7);
INSERT INTO "attendance" VALUES(1165,'2026-05-27','present','','2026-06-19 17:41:42.653067',NULL,45,7);
INSERT INTO "attendance" VALUES(1166,'2026-05-26','leave','','2026-06-19 17:41:42.657905',NULL,45,7);
INSERT INTO "attendance" VALUES(1167,'2026-05-25','present','','2026-06-19 17:41:42.661660',NULL,45,7);
INSERT INTO "attendance" VALUES(1168,'2026-05-23','present','','2026-06-19 17:41:42.665960',NULL,45,7);
INSERT INTO "attendance" VALUES(1169,'2026-05-22','present','','2026-06-19 17:41:42.670442',NULL,45,7);
INSERT INTO "attendance" VALUES(1170,'2026-05-21','present','','2026-06-19 17:41:42.674398',NULL,45,7);
INSERT INTO "attendance" VALUES(1171,'2026-06-19','present','','2026-06-19 17:41:42.677633',NULL,46,7);
INSERT INTO "attendance" VALUES(1172,'2026-06-18','present','','2026-06-19 17:41:42.683634',NULL,46,7);
INSERT INTO "attendance" VALUES(1173,'2026-06-17','absent','','2026-06-19 17:41:42.687933',NULL,46,7);
INSERT INTO "attendance" VALUES(1174,'2026-06-16','present','','2026-06-19 17:41:42.691524',NULL,46,7);
INSERT INTO "attendance" VALUES(1175,'2026-06-15','present','','2026-06-19 17:41:42.694937',NULL,46,7);
INSERT INTO "attendance" VALUES(1176,'2026-06-13','absent','','2026-06-19 17:41:42.698443',NULL,46,7);
INSERT INTO "attendance" VALUES(1177,'2026-06-12','present','','2026-06-19 17:41:42.701545',NULL,46,7);
INSERT INTO "attendance" VALUES(1178,'2026-06-11','present','','2026-06-19 17:41:42.704931',NULL,46,7);
INSERT INTO "attendance" VALUES(1179,'2026-06-10','absent','','2026-06-19 17:41:42.707979',NULL,46,7);
INSERT INTO "attendance" VALUES(1180,'2026-06-09','present','','2026-06-19 17:41:42.711385',NULL,46,7);
INSERT INTO "attendance" VALUES(1181,'2026-06-08','absent','','2026-06-19 17:41:42.714485',NULL,46,7);
INSERT INTO "attendance" VALUES(1182,'2026-06-06','present','','2026-06-19 17:41:42.717682',NULL,46,7);
INSERT INTO "attendance" VALUES(1183,'2026-06-05','present','','2026-06-19 17:41:42.721887',NULL,46,7);
INSERT INTO "attendance" VALUES(1184,'2026-06-04','late','','2026-06-19 17:41:42.725427',NULL,46,7);
INSERT INTO "attendance" VALUES(1185,'2026-06-03','present','','2026-06-19 17:41:42.728444',NULL,46,7);
INSERT INTO "attendance" VALUES(1186,'2026-06-02','present','','2026-06-19 17:41:42.731449',NULL,46,7);
INSERT INTO "attendance" VALUES(1187,'2026-06-01','present','','2026-06-19 17:41:42.734356',NULL,46,7);
INSERT INTO "attendance" VALUES(1188,'2026-05-30','present','','2026-06-19 17:41:42.738146',NULL,46,7);
INSERT INTO "attendance" VALUES(1189,'2026-05-29','present','','2026-06-19 17:41:42.742069',NULL,46,7);
INSERT INTO "attendance" VALUES(1190,'2026-05-28','leave','','2026-06-19 17:41:42.745422',NULL,46,7);
INSERT INTO "attendance" VALUES(1191,'2026-05-27','present','','2026-06-19 17:41:42.748563',NULL,46,7);
INSERT INTO "attendance" VALUES(1192,'2026-05-26','present','','2026-06-19 17:41:42.752151',NULL,46,7);
INSERT INTO "attendance" VALUES(1193,'2026-05-25','present','','2026-06-19 17:41:42.755676',NULL,46,7);
INSERT INTO "attendance" VALUES(1194,'2026-05-23','absent','','2026-06-19 17:41:42.759531',NULL,46,7);
INSERT INTO "attendance" VALUES(1195,'2026-05-22','present','','2026-06-19 17:41:42.764364',NULL,46,7);
INSERT INTO "attendance" VALUES(1196,'2026-05-21','present','','2026-06-19 17:41:42.767746',NULL,46,7);
INSERT INTO "attendance" VALUES(1197,'2026-06-19','present','','2026-06-19 17:41:42.772363',NULL,47,7);
INSERT INTO "attendance" VALUES(1198,'2026-06-18','present','','2026-06-19 17:41:42.777307',NULL,47,7);
INSERT INTO "attendance" VALUES(1199,'2026-06-17','present','','2026-06-19 17:41:42.783403',NULL,47,7);
INSERT INTO "attendance" VALUES(1200,'2026-06-16','present','','2026-06-19 17:41:42.790971',NULL,47,7);
INSERT INTO "attendance" VALUES(1201,'2026-06-15','present','','2026-06-19 17:41:42.798349',NULL,47,7);
INSERT INTO "attendance" VALUES(1202,'2026-06-13','present','','2026-06-19 17:41:42.804529',NULL,47,7);
INSERT INTO "attendance" VALUES(1203,'2026-06-12','present','','2026-06-19 17:41:42.809305',NULL,47,7);
INSERT INTO "attendance" VALUES(1204,'2026-06-11','present','','2026-06-19 17:41:42.815510',NULL,47,7);
INSERT INTO "attendance" VALUES(1205,'2026-06-10','present','','2026-06-19 17:41:42.822994',NULL,47,7);
INSERT INTO "attendance" VALUES(1206,'2026-06-09','absent','','2026-06-19 17:41:42.829978',NULL,47,7);
INSERT INTO "attendance" VALUES(1207,'2026-06-08','late','','2026-06-19 17:41:42.836879',NULL,47,7);
INSERT INTO "attendance" VALUES(1208,'2026-06-06','present','','2026-06-19 17:41:42.843073',NULL,47,7);
INSERT INTO "attendance" VALUES(1209,'2026-06-05','present','','2026-06-19 17:41:42.849348',NULL,47,7);
INSERT INTO "attendance" VALUES(1210,'2026-06-04','present','','2026-06-19 17:41:42.857526',NULL,47,7);
INSERT INTO "attendance" VALUES(1211,'2026-06-03','present','','2026-06-19 17:41:42.864491',NULL,47,7);
INSERT INTO "attendance" VALUES(1212,'2026-06-02','present','','2026-06-19 17:41:42.870009',NULL,47,7);
INSERT INTO "attendance" VALUES(1213,'2026-06-01','absent','','2026-06-19 17:41:42.875222',NULL,47,7);
INSERT INTO "attendance" VALUES(1214,'2026-05-30','present','','2026-06-19 17:41:42.880032',NULL,47,7);
INSERT INTO "attendance" VALUES(1215,'2026-05-29','present','','2026-06-19 17:41:42.884422',NULL,47,7);
INSERT INTO "attendance" VALUES(1216,'2026-05-28','present','','2026-06-19 17:41:42.890398',NULL,47,7);
INSERT INTO "attendance" VALUES(1217,'2026-05-27','present','','2026-06-19 17:41:42.895505',NULL,47,7);
INSERT INTO "attendance" VALUES(1218,'2026-05-26','present','','2026-06-19 17:41:42.900977',NULL,47,7);
INSERT INTO "attendance" VALUES(1219,'2026-05-25','present','','2026-06-19 17:41:42.907157',NULL,47,7);
INSERT INTO "attendance" VALUES(1220,'2026-05-23','present','','2026-06-19 17:41:42.911711',NULL,47,7);
INSERT INTO "attendance" VALUES(1221,'2026-05-22','present','','2026-06-19 17:41:42.917774',NULL,47,7);
INSERT INTO "attendance" VALUES(1222,'2026-05-21','absent','','2026-06-19 17:41:42.922125',NULL,47,7);
INSERT INTO "attendance" VALUES(1223,'2026-06-19','present','','2026-06-19 17:41:42.926221',NULL,48,7);
INSERT INTO "attendance" VALUES(1224,'2026-06-18','present','','2026-06-19 17:41:42.930438',NULL,48,7);
INSERT INTO "attendance" VALUES(1225,'2026-06-17','present','','2026-06-19 17:41:42.934334',NULL,48,7);
INSERT INTO "attendance" VALUES(1226,'2026-06-16','absent','','2026-06-19 17:41:42.938506',NULL,48,7);
INSERT INTO "attendance" VALUES(1227,'2026-06-15','present','','2026-06-19 17:41:42.941907',NULL,48,7);
INSERT INTO "attendance" VALUES(1228,'2026-06-13','present','','2026-06-19 17:41:42.945001',NULL,48,7);
INSERT INTO "attendance" VALUES(1229,'2026-06-12','present','','2026-06-19 17:41:42.948271',NULL,48,7);
INSERT INTO "attendance" VALUES(1230,'2026-06-11','present','','2026-06-19 17:41:42.951273',NULL,48,7);
INSERT INTO "attendance" VALUES(1231,'2026-06-10','late','','2026-06-19 17:41:42.955339',NULL,48,7);
INSERT INTO "attendance" VALUES(1232,'2026-06-09','present','','2026-06-19 17:41:42.959739',NULL,48,7);
INSERT INTO "attendance" VALUES(1233,'2026-06-08','present','','2026-06-19 17:41:42.964039',NULL,48,7);
INSERT INTO "attendance" VALUES(1234,'2026-06-06','present','','2026-06-19 17:41:42.968413',NULL,48,7);
INSERT INTO "attendance" VALUES(1235,'2026-06-05','present','','2026-06-19 17:41:42.972791',NULL,48,7);
INSERT INTO "attendance" VALUES(1236,'2026-06-04','present','','2026-06-19 17:41:42.978048',NULL,48,7);
INSERT INTO "attendance" VALUES(1237,'2026-06-03','present','','2026-06-19 17:41:42.981703',NULL,48,7);
INSERT INTO "attendance" VALUES(1238,'2026-06-02','present','','2026-06-19 17:41:42.984780',NULL,48,7);
INSERT INTO "attendance" VALUES(1239,'2026-06-01','present','','2026-06-19 17:41:42.989006',NULL,48,7);
INSERT INTO "attendance" VALUES(1240,'2026-05-30','absent','','2026-06-19 17:41:42.992657',NULL,48,7);
INSERT INTO "attendance" VALUES(1241,'2026-05-29','absent','','2026-06-19 17:41:42.997346',NULL,48,7);
INSERT INTO "attendance" VALUES(1242,'2026-05-28','absent','','2026-06-19 17:41:43.001782',NULL,48,7);
INSERT INTO "attendance" VALUES(1243,'2026-05-27','present','','2026-06-19 17:41:43.006508',NULL,48,7);
INSERT INTO "attendance" VALUES(1244,'2026-05-26','present','','2026-06-19 17:41:43.009861',NULL,48,7);
INSERT INTO "attendance" VALUES(1245,'2026-05-25','absent','','2026-06-19 17:41:43.013479',NULL,48,7);
INSERT INTO "attendance" VALUES(1246,'2026-05-23','present','','2026-06-19 17:41:43.017877',NULL,48,7);
INSERT INTO "attendance" VALUES(1247,'2026-05-22','present','','2026-06-19 17:41:43.022010',NULL,48,7);
INSERT INTO "attendance" VALUES(1248,'2026-05-21','present','','2026-06-19 17:41:43.025299',NULL,48,7);
INSERT INTO "attendance" VALUES(1249,'2026-06-19','present','','2026-06-19 17:41:43.028699',NULL,49,8);
INSERT INTO "attendance" VALUES(1250,'2026-06-18','present','','2026-06-19 17:41:43.034109',NULL,49,8);
INSERT INTO "attendance" VALUES(1251,'2026-06-17','present','','2026-06-19 17:41:43.038386',NULL,49,8);
INSERT INTO "attendance" VALUES(1252,'2026-06-16','present','','2026-06-19 17:41:43.043117',NULL,49,8);
INSERT INTO "attendance" VALUES(1253,'2026-06-15','leave','','2026-06-19 17:41:43.046314',NULL,49,8);
INSERT INTO "attendance" VALUES(1254,'2026-06-13','present','','2026-06-19 17:41:43.049348',NULL,49,8);
INSERT INTO "attendance" VALUES(1255,'2026-06-12','present','','2026-06-19 17:41:43.053054',NULL,49,8);
INSERT INTO "attendance" VALUES(1256,'2026-06-11','present','','2026-06-19 17:41:43.057251',NULL,49,8);
INSERT INTO "attendance" VALUES(1257,'2026-06-10','present','','2026-06-19 17:41:43.060995',NULL,49,8);
INSERT INTO "attendance" VALUES(1258,'2026-06-09','absent','','2026-06-19 17:41:43.064830',NULL,49,8);
INSERT INTO "attendance" VALUES(1259,'2026-06-08','late','','2026-06-19 17:41:43.068767',NULL,49,8);
INSERT INTO "attendance" VALUES(1260,'2026-06-06','present','','2026-06-19 17:41:43.072940',NULL,49,8);
INSERT INTO "attendance" VALUES(1261,'2026-06-05','present','','2026-06-19 17:41:43.076088',NULL,49,8);
INSERT INTO "attendance" VALUES(1262,'2026-06-04','absent','','2026-06-19 17:41:43.079319',NULL,49,8);
INSERT INTO "attendance" VALUES(1263,'2026-06-03','absent','','2026-06-19 17:41:43.083473',NULL,49,8);
INSERT INTO "attendance" VALUES(1264,'2026-06-02','present','','2026-06-19 17:41:43.088575',NULL,49,8);
INSERT INTO "attendance" VALUES(1265,'2026-06-01','late','','2026-06-19 17:41:43.092193',NULL,49,8);
INSERT INTO "attendance" VALUES(1266,'2026-05-30','absent','','2026-06-19 17:41:43.095279',NULL,49,8);
INSERT INTO "attendance" VALUES(1267,'2026-05-29','present','','2026-06-19 17:41:43.101039',NULL,49,8);
INSERT INTO "attendance" VALUES(1268,'2026-05-28','present','','2026-06-19 17:41:43.105117',NULL,49,8);
INSERT INTO "attendance" VALUES(1269,'2026-05-27','present','','2026-06-19 17:41:43.111231',NULL,49,8);
INSERT INTO "attendance" VALUES(1270,'2026-05-26','leave','','2026-06-19 17:41:43.115356',NULL,49,8);
INSERT INTO "attendance" VALUES(1271,'2026-05-25','late','','2026-06-19 17:41:43.118557',NULL,49,8);
INSERT INTO "attendance" VALUES(1272,'2026-05-23','present','','2026-06-19 17:41:43.122083',NULL,49,8);
INSERT INTO "attendance" VALUES(1273,'2026-05-22','present','','2026-06-19 17:41:43.125208',NULL,49,8);
INSERT INTO "attendance" VALUES(1274,'2026-05-21','present','','2026-06-19 17:41:43.128226',NULL,49,8);
INSERT INTO "attendance" VALUES(1275,'2026-06-19','present','','2026-06-19 17:41:43.131180',NULL,50,8);
INSERT INTO "attendance" VALUES(1276,'2026-06-18','present','','2026-06-19 17:41:43.134249',NULL,50,8);
INSERT INTO "attendance" VALUES(1277,'2026-06-17','present','','2026-06-19 17:41:43.138797',NULL,50,8);
INSERT INTO "attendance" VALUES(1278,'2026-06-16','present','','2026-06-19 17:41:43.143839',NULL,50,8);
INSERT INTO "attendance" VALUES(1279,'2026-06-15','absent','','2026-06-19 17:41:43.147062',NULL,50,8);
INSERT INTO "attendance" VALUES(1280,'2026-06-13','late','','2026-06-19 17:41:43.150305',NULL,50,8);
INSERT INTO "attendance" VALUES(1281,'2026-06-12','present','','2026-06-19 17:41:43.158022',NULL,50,8);
INSERT INTO "attendance" VALUES(1282,'2026-06-11','absent','','2026-06-19 17:41:43.163155',NULL,50,8);
INSERT INTO "attendance" VALUES(1283,'2026-06-10','present','','2026-06-19 17:41:43.171437',NULL,50,8);
INSERT INTO "attendance" VALUES(1284,'2026-06-09','present','','2026-06-19 17:41:43.176361',NULL,50,8);
INSERT INTO "attendance" VALUES(1285,'2026-06-08','absent','','2026-06-19 17:41:43.180165',NULL,50,8);
INSERT INTO "attendance" VALUES(1286,'2026-06-06','present','','2026-06-19 17:41:43.183915',NULL,50,8);
INSERT INTO "attendance" VALUES(1287,'2026-06-05','late','','2026-06-19 17:41:43.188601',NULL,50,8);
INSERT INTO "attendance" VALUES(1288,'2026-06-04','present','','2026-06-19 17:41:43.193896',NULL,50,8);
INSERT INTO "attendance" VALUES(1289,'2026-06-03','present','','2026-06-19 17:41:43.197904',NULL,50,8);
INSERT INTO "attendance" VALUES(1290,'2026-06-02','late','','2026-06-19 17:41:43.203077',NULL,50,8);
INSERT INTO "attendance" VALUES(1291,'2026-06-01','late','','2026-06-19 17:41:43.207867',NULL,50,8);
INSERT INTO "attendance" VALUES(1292,'2026-05-30','present','','2026-06-19 17:41:43.212894',NULL,50,8);
INSERT INTO "attendance" VALUES(1293,'2026-05-29','absent','','2026-06-19 17:41:43.218374',NULL,50,8);
INSERT INTO "attendance" VALUES(1294,'2026-05-28','present','','2026-06-19 17:41:43.222195',NULL,50,8);
INSERT INTO "attendance" VALUES(1295,'2026-05-27','late','','2026-06-19 17:41:43.225425',NULL,50,8);
INSERT INTO "attendance" VALUES(1296,'2026-05-26','present','','2026-06-19 17:41:43.228623',NULL,50,8);
INSERT INTO "attendance" VALUES(1297,'2026-05-25','present','','2026-06-19 17:41:43.232025',NULL,50,8);
INSERT INTO "attendance" VALUES(1298,'2026-05-23','late','','2026-06-19 17:41:43.235713',NULL,50,8);
INSERT INTO "attendance" VALUES(1299,'2026-05-22','present','','2026-06-19 17:41:43.240812',NULL,50,8);
INSERT INTO "attendance" VALUES(1300,'2026-05-21','present','','2026-06-19 17:41:43.246420',NULL,50,8);
INSERT INTO "attendance" VALUES(1301,'2026-06-19','present','','2026-06-19 17:41:43.251355',NULL,51,8);
INSERT INTO "attendance" VALUES(1302,'2026-06-18','present','','2026-06-19 17:41:43.261437',NULL,51,8);
INSERT INTO "attendance" VALUES(1303,'2026-06-17','late','','2026-06-19 17:41:43.269042',NULL,51,8);
INSERT INTO "attendance" VALUES(1304,'2026-06-16','present','','2026-06-19 17:41:43.275601',NULL,51,8);
INSERT INTO "attendance" VALUES(1305,'2026-06-15','present','','2026-06-19 17:41:43.281640',NULL,51,8);
INSERT INTO "attendance" VALUES(1306,'2026-06-13','present','','2026-06-19 17:41:43.292089',NULL,51,8);
INSERT INTO "attendance" VALUES(1307,'2026-06-12','late','','2026-06-19 17:41:43.299513',NULL,51,8);
INSERT INTO "attendance" VALUES(1308,'2026-06-11','present','','2026-06-19 17:41:43.306616',NULL,51,8);
INSERT INTO "attendance" VALUES(1309,'2026-06-10','present','','2026-06-19 17:41:43.314348',NULL,51,8);
INSERT INTO "attendance" VALUES(1310,'2026-06-09','absent','','2026-06-19 17:41:43.323072',NULL,51,8);
INSERT INTO "attendance" VALUES(1311,'2026-06-08','present','','2026-06-19 17:41:43.332596',NULL,51,8);
INSERT INTO "attendance" VALUES(1312,'2026-06-06','present','','2026-06-19 17:41:43.340956',NULL,51,8);
INSERT INTO "attendance" VALUES(1313,'2026-06-05','present','','2026-06-19 17:41:43.348376',NULL,51,8);
INSERT INTO "attendance" VALUES(1314,'2026-06-04','present','','2026-06-19 17:41:43.360412',NULL,51,8);
INSERT INTO "attendance" VALUES(1315,'2026-06-03','present','','2026-06-19 17:41:43.368182',NULL,51,8);
INSERT INTO "attendance" VALUES(1316,'2026-06-02','present','','2026-06-19 17:41:43.374638',NULL,51,8);
INSERT INTO "attendance" VALUES(1317,'2026-06-01','absent','','2026-06-19 17:41:43.384218',NULL,51,8);
INSERT INTO "attendance" VALUES(1318,'2026-05-30','present','','2026-06-19 17:41:43.389259',NULL,51,8);
INSERT INTO "attendance" VALUES(1319,'2026-05-29','present','','2026-06-19 17:41:43.395174',NULL,51,8);
INSERT INTO "attendance" VALUES(1320,'2026-05-28','present','','2026-06-19 17:41:43.404491',NULL,51,8);
INSERT INTO "attendance" VALUES(1321,'2026-05-27','present','','2026-06-19 17:41:43.409007',NULL,51,8);
INSERT INTO "attendance" VALUES(1322,'2026-05-26','present','','2026-06-19 17:41:43.414622',NULL,51,8);
INSERT INTO "attendance" VALUES(1323,'2026-05-25','present','','2026-06-19 17:41:43.418447',NULL,51,8);
INSERT INTO "attendance" VALUES(1324,'2026-05-23','absent','','2026-06-19 17:41:43.423730',NULL,51,8);
INSERT INTO "attendance" VALUES(1325,'2026-05-22','present','','2026-06-19 17:41:43.427581',NULL,51,8);
INSERT INTO "attendance" VALUES(1326,'2026-05-21','present','','2026-06-19 17:41:43.432049',NULL,51,8);
INSERT INTO "attendance" VALUES(1327,'2026-06-19','present','','2026-06-19 17:41:43.439740',NULL,52,8);
INSERT INTO "attendance" VALUES(1328,'2026-06-18','present','','2026-06-19 17:41:43.443482',NULL,52,8);
INSERT INTO "attendance" VALUES(1329,'2026-06-17','absent','','2026-06-19 17:41:43.447939',NULL,52,8);
INSERT INTO "attendance" VALUES(1330,'2026-06-16','absent','','2026-06-19 17:41:43.452463',NULL,52,8);
INSERT INTO "attendance" VALUES(1331,'2026-06-15','present','','2026-06-19 17:41:43.456253',NULL,52,8);
INSERT INTO "attendance" VALUES(1332,'2026-06-13','late','','2026-06-19 17:41:43.461473',NULL,52,8);
INSERT INTO "attendance" VALUES(1333,'2026-06-12','present','','2026-06-19 17:41:43.466327',NULL,52,8);
INSERT INTO "attendance" VALUES(1334,'2026-06-11','absent','','2026-06-19 17:41:43.469985',NULL,52,8);
INSERT INTO "attendance" VALUES(1335,'2026-06-10','present','','2026-06-19 17:41:43.474394',NULL,52,8);
INSERT INTO "attendance" VALUES(1336,'2026-06-09','late','','2026-06-19 17:41:43.482742',NULL,52,8);
INSERT INTO "attendance" VALUES(1337,'2026-06-08','present','','2026-06-19 17:41:43.487955',NULL,52,8);
INSERT INTO "attendance" VALUES(1338,'2026-06-06','present','','2026-06-19 17:41:43.498702',NULL,52,8);
INSERT INTO "attendance" VALUES(1339,'2026-06-05','present','','2026-06-19 17:41:43.503693',NULL,52,8);
INSERT INTO "attendance" VALUES(1340,'2026-06-04','present','','2026-06-19 17:41:43.511867',NULL,52,8);
INSERT INTO "attendance" VALUES(1341,'2026-06-03','late','','2026-06-19 17:41:43.516913',NULL,52,8);
INSERT INTO "attendance" VALUES(1342,'2026-06-02','present','','2026-06-19 17:41:43.521297',NULL,52,8);
INSERT INTO "attendance" VALUES(1343,'2026-06-01','absent','','2026-06-19 17:41:43.527477',NULL,52,8);
INSERT INTO "attendance" VALUES(1344,'2026-05-30','present','','2026-06-19 17:41:43.532104',NULL,52,8);
INSERT INTO "attendance" VALUES(1345,'2026-05-29','present','','2026-06-19 17:41:43.540281',NULL,52,8);
INSERT INTO "attendance" VALUES(1346,'2026-05-28','present','','2026-06-19 17:41:43.545473',NULL,52,8);
INSERT INTO "attendance" VALUES(1347,'2026-05-27','present','','2026-06-19 17:41:43.552625',NULL,52,8);
INSERT INTO "attendance" VALUES(1348,'2026-05-26','absent','','2026-06-19 17:41:43.557478',NULL,52,8);
INSERT INTO "attendance" VALUES(1349,'2026-05-25','late','','2026-06-19 17:41:43.561668',NULL,52,8);
INSERT INTO "attendance" VALUES(1350,'2026-05-23','present','','2026-06-19 17:41:43.566157',NULL,52,8);
INSERT INTO "attendance" VALUES(1351,'2026-05-22','present','','2026-06-19 17:41:43.570483',NULL,52,8);
INSERT INTO "attendance" VALUES(1352,'2026-05-21','absent','','2026-06-19 17:41:43.578817',NULL,52,8);
INSERT INTO "attendance" VALUES(1353,'2026-06-19','absent','','2026-06-19 17:41:43.584243',NULL,53,8);
INSERT INTO "attendance" VALUES(1354,'2026-06-18','absent','','2026-06-19 17:41:43.589795',NULL,53,8);
INSERT INTO "attendance" VALUES(1355,'2026-06-17','present','','2026-06-19 17:41:43.594504',NULL,53,8);
INSERT INTO "attendance" VALUES(1356,'2026-06-16','absent','','2026-06-19 17:41:43.600810',NULL,53,8);
INSERT INTO "attendance" VALUES(1357,'2026-06-15','present','','2026-06-19 17:41:43.608503',NULL,53,8);
INSERT INTO "attendance" VALUES(1358,'2026-06-13','present','','2026-06-19 17:41:43.614541',NULL,53,8);
INSERT INTO "attendance" VALUES(1359,'2026-06-12','present','','2026-06-19 17:41:43.621791',NULL,53,8);
INSERT INTO "attendance" VALUES(1360,'2026-06-11','present','','2026-06-19 17:41:43.629535',NULL,53,8);
INSERT INTO "attendance" VALUES(1361,'2026-06-10','present','','2026-06-19 17:41:43.634656',NULL,53,8);
INSERT INTO "attendance" VALUES(1362,'2026-06-09','present','','2026-06-19 17:41:43.639908',NULL,53,8);
INSERT INTO "attendance" VALUES(1363,'2026-06-08','present','','2026-06-19 17:41:43.646221',NULL,53,8);
INSERT INTO "attendance" VALUES(1364,'2026-06-06','present','','2026-06-19 17:41:43.651221',NULL,53,8);
INSERT INTO "attendance" VALUES(1365,'2026-06-05','present','','2026-06-19 17:41:43.658320',NULL,53,8);
INSERT INTO "attendance" VALUES(1366,'2026-06-04','present','','2026-06-19 17:41:43.662090',NULL,53,8);
INSERT INTO "attendance" VALUES(1367,'2026-06-03','present','','2026-06-19 17:41:43.666036',NULL,53,8);
INSERT INTO "attendance" VALUES(1368,'2026-06-02','leave','','2026-06-19 17:41:43.674082',NULL,53,8);
INSERT INTO "attendance" VALUES(1369,'2026-06-01','present','','2026-06-19 17:41:43.678184',NULL,53,8);
INSERT INTO "attendance" VALUES(1370,'2026-05-30','present','','2026-06-19 17:41:43.682912',NULL,53,8);
INSERT INTO "attendance" VALUES(1371,'2026-05-29','present','','2026-06-19 17:41:43.687927',NULL,53,8);
INSERT INTO "attendance" VALUES(1372,'2026-05-28','absent','','2026-06-19 17:41:43.692131',NULL,53,8);
INSERT INTO "attendance" VALUES(1373,'2026-05-27','present','','2026-06-19 17:41:43.695538',NULL,53,8);
INSERT INTO "attendance" VALUES(1374,'2026-05-26','late','','2026-06-19 17:41:43.700588',NULL,53,8);
INSERT INTO "attendance" VALUES(1375,'2026-05-25','present','','2026-06-19 17:41:43.705493',NULL,53,8);
INSERT INTO "attendance" VALUES(1376,'2026-05-23','leave','','2026-06-19 17:41:43.709785',NULL,53,8);
INSERT INTO "attendance" VALUES(1377,'2026-05-22','present','','2026-06-19 17:41:43.714109',NULL,53,8);
INSERT INTO "attendance" VALUES(1378,'2026-05-21','late','','2026-06-19 17:41:43.718985',NULL,53,8);
INSERT INTO "attendance" VALUES(1379,'2026-06-19','present','','2026-06-19 17:41:43.724222',NULL,54,8);
INSERT INTO "attendance" VALUES(1380,'2026-06-18','present','','2026-06-19 17:41:43.728527',NULL,54,8);
INSERT INTO "attendance" VALUES(1381,'2026-06-17','present','','2026-06-19 17:41:43.733282',NULL,54,8);
INSERT INTO "attendance" VALUES(1382,'2026-06-16','present','','2026-06-19 17:41:43.737219',NULL,54,8);
INSERT INTO "attendance" VALUES(1383,'2026-06-15','present','','2026-06-19 17:41:43.742467',NULL,54,8);
INSERT INTO "attendance" VALUES(1384,'2026-06-13','present','','2026-06-19 17:41:43.747152',NULL,54,8);
INSERT INTO "attendance" VALUES(1385,'2026-06-12','present','','2026-06-19 17:41:43.750745',NULL,54,8);
INSERT INTO "attendance" VALUES(1386,'2026-06-11','present','','2026-06-19 17:41:43.754591',NULL,54,8);
INSERT INTO "attendance" VALUES(1387,'2026-06-10','present','','2026-06-19 17:41:43.759148',NULL,54,8);
INSERT INTO "attendance" VALUES(1388,'2026-06-09','present','','2026-06-19 17:41:43.763147',NULL,54,8);
INSERT INTO "attendance" VALUES(1389,'2026-06-08','present','','2026-06-19 17:41:43.766784',NULL,54,8);
INSERT INTO "attendance" VALUES(1390,'2026-06-06','present','','2026-06-19 17:41:43.770476',NULL,54,8);
INSERT INTO "attendance" VALUES(1391,'2026-06-05','present','','2026-06-19 17:41:43.773832',NULL,54,8);
INSERT INTO "attendance" VALUES(1392,'2026-06-04','present','','2026-06-19 17:41:43.778569',NULL,54,8);
INSERT INTO "attendance" VALUES(1393,'2026-06-03','present','','2026-06-19 17:41:43.782488',NULL,54,8);
INSERT INTO "attendance" VALUES(1394,'2026-06-02','present','','2026-06-19 17:41:43.787486',NULL,54,8);
INSERT INTO "attendance" VALUES(1395,'2026-06-01','present','','2026-06-19 17:41:43.791414',NULL,54,8);
INSERT INTO "attendance" VALUES(1396,'2026-05-30','absent','','2026-06-19 17:41:43.794706',NULL,54,8);
INSERT INTO "attendance" VALUES(1397,'2026-05-29','present','','2026-06-19 17:41:43.797914',NULL,54,8);
INSERT INTO "attendance" VALUES(1398,'2026-05-28','present','','2026-06-19 17:41:43.801278',NULL,54,8);
INSERT INTO "attendance" VALUES(1399,'2026-05-27','present','','2026-06-19 17:41:43.804891',NULL,54,8);
INSERT INTO "attendance" VALUES(1400,'2026-05-26','late','','2026-06-19 17:41:43.809962',NULL,54,8);
INSERT INTO "attendance" VALUES(1401,'2026-05-25','present','','2026-06-19 17:41:43.813438',NULL,54,8);
INSERT INTO "attendance" VALUES(1402,'2026-05-23','late','','2026-06-19 17:41:43.816643',NULL,54,8);
INSERT INTO "attendance" VALUES(1403,'2026-05-22','present','','2026-06-19 17:41:43.820667',NULL,54,8);
INSERT INTO "attendance" VALUES(1404,'2026-05-21','present','','2026-06-19 17:41:43.824726',NULL,54,8);
INSERT INTO "attendance" VALUES(1405,'2026-06-19','present','','2026-06-19 17:41:43.829068',NULL,55,8);
INSERT INTO "attendance" VALUES(1406,'2026-06-18','present','','2026-06-19 17:41:43.833144',NULL,55,8);
INSERT INTO "attendance" VALUES(1407,'2026-06-17','absent','','2026-06-19 17:41:43.836744',NULL,55,8);
INSERT INTO "attendance" VALUES(1408,'2026-06-16','present','','2026-06-19 17:41:43.842283',NULL,55,8);
INSERT INTO "attendance" VALUES(1409,'2026-06-15','absent','','2026-06-19 17:41:43.849913',NULL,55,8);
INSERT INTO "attendance" VALUES(1410,'2026-06-13','present','','2026-06-19 17:41:43.857264',NULL,55,8);
INSERT INTO "attendance" VALUES(1411,'2026-06-12','leave','','2026-06-19 17:41:43.863266',NULL,55,8);
INSERT INTO "attendance" VALUES(1412,'2026-06-11','present','','2026-06-19 17:41:43.872704',NULL,55,8);
INSERT INTO "attendance" VALUES(1413,'2026-06-10','absent','','2026-06-19 17:41:43.877265',NULL,55,8);
INSERT INTO "attendance" VALUES(1414,'2026-06-09','present','','2026-06-19 17:41:43.883367',NULL,55,8);
INSERT INTO "attendance" VALUES(1415,'2026-06-08','present','','2026-06-19 17:41:43.896962',NULL,55,8);
INSERT INTO "attendance" VALUES(1416,'2026-06-06','present','','2026-06-19 17:41:43.904778',NULL,55,8);
INSERT INTO "attendance" VALUES(1417,'2026-06-05','present','','2026-06-19 17:41:43.916608',NULL,55,8);
INSERT INTO "attendance" VALUES(1418,'2026-06-04','present','','2026-06-19 17:41:43.922571',NULL,55,8);
INSERT INTO "attendance" VALUES(1419,'2026-06-03','present','','2026-06-19 17:41:43.927788',NULL,55,8);
INSERT INTO "attendance" VALUES(1420,'2026-06-02','present','','2026-06-19 17:41:43.933099',NULL,55,8);
INSERT INTO "attendance" VALUES(1421,'2026-06-01','present','','2026-06-19 17:41:43.938557',NULL,55,8);
INSERT INTO "attendance" VALUES(1422,'2026-05-30','present','','2026-06-19 17:41:43.945322',NULL,55,8);
INSERT INTO "attendance" VALUES(1423,'2026-05-29','absent','','2026-06-19 17:41:43.954001',NULL,55,8);
INSERT INTO "attendance" VALUES(1424,'2026-05-28','present','','2026-06-19 17:41:43.964378',NULL,55,8);
INSERT INTO "attendance" VALUES(1425,'2026-05-27','present','','2026-06-19 17:41:43.973577',NULL,55,8);
INSERT INTO "attendance" VALUES(1426,'2026-05-26','leave','','2026-06-19 17:41:43.980313',NULL,55,8);
INSERT INTO "attendance" VALUES(1427,'2026-05-25','present','','2026-06-19 17:41:43.985010',NULL,55,8);
INSERT INTO "attendance" VALUES(1428,'2026-05-23','present','','2026-06-19 17:41:43.993204',NULL,55,8);
INSERT INTO "attendance" VALUES(1429,'2026-05-22','present','','2026-06-19 17:41:44.001255',NULL,55,8);
INSERT INTO "attendance" VALUES(1430,'2026-05-21','present','','2026-06-19 17:41:44.006950',NULL,55,8);
INSERT INTO "attendance" VALUES(1431,'2026-06-19','present','','2026-06-19 17:41:44.011074',NULL,56,8);
INSERT INTO "attendance" VALUES(1432,'2026-06-18','late','','2026-06-19 17:41:44.016383',NULL,56,8);
INSERT INTO "attendance" VALUES(1433,'2026-06-17','absent','','2026-06-19 17:41:44.025338',NULL,56,8);
INSERT INTO "attendance" VALUES(1434,'2026-06-16','present','','2026-06-19 17:41:44.033612',NULL,56,8);
INSERT INTO "attendance" VALUES(1435,'2026-06-15','present','','2026-06-19 17:41:44.042636',NULL,56,8);
INSERT INTO "attendance" VALUES(1436,'2026-06-13','present','','2026-06-19 17:41:44.050104',NULL,56,8);
INSERT INTO "attendance" VALUES(1437,'2026-06-12','absent','','2026-06-19 17:41:44.058800',NULL,56,8);
INSERT INTO "attendance" VALUES(1438,'2026-06-11','late','','2026-06-19 17:41:44.066126',NULL,56,8);
INSERT INTO "attendance" VALUES(1439,'2026-06-10','present','','2026-06-19 17:41:44.072417',NULL,56,8);
INSERT INTO "attendance" VALUES(1440,'2026-06-09','present','','2026-06-19 17:41:44.078872',NULL,56,8);
INSERT INTO "attendance" VALUES(1441,'2026-06-08','leave','','2026-06-19 17:41:44.084964',NULL,56,8);
INSERT INTO "attendance" VALUES(1442,'2026-06-06','late','','2026-06-19 17:41:44.091706',NULL,56,8);
INSERT INTO "attendance" VALUES(1443,'2026-06-05','present','','2026-06-19 17:41:44.096589',NULL,56,8);
INSERT INTO "attendance" VALUES(1444,'2026-06-04','leave','','2026-06-19 17:41:44.100776',NULL,56,8);
INSERT INTO "attendance" VALUES(1445,'2026-06-03','present','','2026-06-19 17:41:44.108593',NULL,56,8);
INSERT INTO "attendance" VALUES(1446,'2026-06-02','present','','2026-06-19 17:41:44.116429',NULL,56,8);
INSERT INTO "attendance" VALUES(1447,'2026-06-01','present','','2026-06-19 17:41:44.121817',NULL,56,8);
INSERT INTO "attendance" VALUES(1448,'2026-05-30','present','','2026-06-19 17:41:44.126346',NULL,56,8);
INSERT INTO "attendance" VALUES(1449,'2026-05-29','late','','2026-06-19 17:41:44.130900',NULL,56,8);
INSERT INTO "attendance" VALUES(1450,'2026-05-28','present','','2026-06-19 17:41:44.136276',NULL,56,8);
INSERT INTO "attendance" VALUES(1451,'2026-05-27','present','','2026-06-19 17:41:44.142555',NULL,56,8);
INSERT INTO "attendance" VALUES(1452,'2026-05-26','present','','2026-06-19 17:41:44.147956',NULL,56,8);
INSERT INTO "attendance" VALUES(1453,'2026-05-25','present','','2026-06-19 17:41:44.154020',NULL,56,8);
INSERT INTO "attendance" VALUES(1454,'2026-05-23','present','','2026-06-19 17:41:44.159947',NULL,56,8);
INSERT INTO "attendance" VALUES(1455,'2026-05-22','present','','2026-06-19 17:41:44.164448',NULL,56,8);
INSERT INTO "attendance" VALUES(1456,'2026-05-21','present','','2026-06-19 17:41:44.170568',NULL,56,8);
INSERT INTO "attendance" VALUES(1457,'2026-06-19','present','','2026-06-19 17:41:44.174947',NULL,57,9);
INSERT INTO "attendance" VALUES(1458,'2026-06-18','present','','2026-06-19 17:41:44.178517',NULL,57,9);
INSERT INTO "attendance" VALUES(1459,'2026-06-17','present','','2026-06-19 17:41:44.184016',NULL,57,9);
INSERT INTO "attendance" VALUES(1460,'2026-06-16','absent','','2026-06-19 17:41:44.190708',NULL,57,9);
INSERT INTO "attendance" VALUES(1461,'2026-06-15','present','','2026-06-19 17:41:44.194231',NULL,57,9);
INSERT INTO "attendance" VALUES(1462,'2026-06-13','late','','2026-06-19 17:41:44.200787',NULL,57,9);
INSERT INTO "attendance" VALUES(1463,'2026-06-12','absent','','2026-06-19 17:41:44.205936',NULL,57,9);
INSERT INTO "attendance" VALUES(1464,'2026-06-11','present','','2026-06-19 17:41:44.212402',NULL,57,9);
INSERT INTO "attendance" VALUES(1465,'2026-06-10','leave','','2026-06-19 17:41:44.216509',NULL,57,9);
INSERT INTO "attendance" VALUES(1466,'2026-06-09','absent','','2026-06-19 17:41:44.220534',NULL,57,9);
INSERT INTO "attendance" VALUES(1467,'2026-06-08','absent','','2026-06-19 17:41:44.224095',NULL,57,9);
INSERT INTO "attendance" VALUES(1468,'2026-06-06','present','','2026-06-19 17:41:44.227290',NULL,57,9);
INSERT INTO "attendance" VALUES(1469,'2026-06-05','present','','2026-06-19 17:41:44.230512',NULL,57,9);
INSERT INTO "attendance" VALUES(1470,'2026-06-04','present','','2026-06-19 17:41:44.233596',NULL,57,9);
INSERT INTO "attendance" VALUES(1471,'2026-06-03','present','','2026-06-19 17:41:44.239070',NULL,57,9);
INSERT INTO "attendance" VALUES(1472,'2026-06-02','present','','2026-06-19 17:41:44.243836',NULL,57,9);
INSERT INTO "attendance" VALUES(1473,'2026-06-01','present','','2026-06-19 17:41:44.247777',NULL,57,9);
INSERT INTO "attendance" VALUES(1474,'2026-05-30','late','','2026-06-19 17:41:44.254997',NULL,57,9);
INSERT INTO "attendance" VALUES(1475,'2026-05-29','present','','2026-06-19 17:41:44.259222',NULL,57,9);
INSERT INTO "attendance" VALUES(1476,'2026-05-28','present','','2026-06-19 17:41:44.262756',NULL,57,9);
INSERT INTO "attendance" VALUES(1477,'2026-05-27','absent','','2026-06-19 17:41:44.266169',NULL,57,9);
INSERT INTO "attendance" VALUES(1478,'2026-05-26','present','','2026-06-19 17:41:44.270837',NULL,57,9);
INSERT INTO "attendance" VALUES(1479,'2026-05-25','absent','','2026-06-19 17:41:44.275569',NULL,57,9);
INSERT INTO "attendance" VALUES(1480,'2026-05-23','present','','2026-06-19 17:41:44.280342',NULL,57,9);
INSERT INTO "attendance" VALUES(1481,'2026-05-22','present','','2026-06-19 17:41:44.285837',NULL,57,9);
INSERT INTO "attendance" VALUES(1482,'2026-05-21','present','','2026-06-19 17:41:44.291942',NULL,57,9);
INSERT INTO "attendance" VALUES(1483,'2026-06-19','leave','','2026-06-19 17:41:44.297118',NULL,58,9);
INSERT INTO "attendance" VALUES(1484,'2026-06-18','present','','2026-06-19 17:41:44.306665',NULL,58,9);
INSERT INTO "attendance" VALUES(1485,'2026-06-17','present','','2026-06-19 17:41:44.311607',NULL,58,9);
INSERT INTO "attendance" VALUES(1486,'2026-06-16','present','','2026-06-19 17:41:44.317413',NULL,58,9);
INSERT INTO "attendance" VALUES(1487,'2026-06-15','absent','','2026-06-19 17:41:44.322717',NULL,58,9);
INSERT INTO "attendance" VALUES(1488,'2026-06-13','present','','2026-06-19 17:41:44.328062',NULL,58,9);
INSERT INTO "attendance" VALUES(1489,'2026-06-12','present','','2026-06-19 17:41:44.334018',NULL,58,9);
INSERT INTO "attendance" VALUES(1490,'2026-06-11','present','','2026-06-19 17:41:44.340801',NULL,58,9);
INSERT INTO "attendance" VALUES(1491,'2026-06-10','late','','2026-06-19 17:41:44.346862',NULL,58,9);
INSERT INTO "attendance" VALUES(1492,'2026-06-09','present','','2026-06-19 17:41:44.355414',NULL,58,9);
INSERT INTO "attendance" VALUES(1493,'2026-06-08','present','','2026-06-19 17:41:44.363112',NULL,58,9);
INSERT INTO "attendance" VALUES(1494,'2026-06-06','present','','2026-06-19 17:41:44.369261',NULL,58,9);
INSERT INTO "attendance" VALUES(1495,'2026-06-05','present','','2026-06-19 17:41:44.376523',NULL,58,9);
INSERT INTO "attendance" VALUES(1496,'2026-06-04','absent','','2026-06-19 17:41:44.383205',NULL,58,9);
INSERT INTO "attendance" VALUES(1497,'2026-06-03','absent','','2026-06-19 17:41:44.389950',NULL,58,9);
INSERT INTO "attendance" VALUES(1498,'2026-06-02','present','','2026-06-19 17:41:44.397829',NULL,58,9);
INSERT INTO "attendance" VALUES(1499,'2026-06-01','present','','2026-06-19 17:41:44.404055',NULL,58,9);
INSERT INTO "attendance" VALUES(1500,'2026-05-30','late','','2026-06-19 17:41:44.410262',NULL,58,9);
INSERT INTO "attendance" VALUES(1501,'2026-05-29','late','','2026-06-19 17:41:44.416543',NULL,58,9);
INSERT INTO "attendance" VALUES(1502,'2026-05-28','present','','2026-06-19 17:41:44.425483',NULL,58,9);
INSERT INTO "attendance" VALUES(1503,'2026-05-27','present','','2026-06-19 17:41:44.432316',NULL,58,9);
INSERT INTO "attendance" VALUES(1504,'2026-05-26','present','','2026-06-19 17:41:44.439102',NULL,58,9);
INSERT INTO "attendance" VALUES(1505,'2026-05-25','absent','','2026-06-19 17:41:44.448433',NULL,58,9);
INSERT INTO "attendance" VALUES(1506,'2026-05-23','present','','2026-06-19 17:41:44.456649',NULL,58,9);
INSERT INTO "attendance" VALUES(1507,'2026-05-22','present','','2026-06-19 17:41:44.462422',NULL,58,9);
INSERT INTO "attendance" VALUES(1508,'2026-05-21','absent','','2026-06-19 17:41:44.467768',NULL,58,9);
INSERT INTO "attendance" VALUES(1509,'2026-06-19','present','','2026-06-19 17:41:44.473576',NULL,59,9);
INSERT INTO "attendance" VALUES(1510,'2026-06-18','late','','2026-06-19 17:41:44.481272',NULL,59,9);
INSERT INTO "attendance" VALUES(1511,'2026-06-17','present','','2026-06-19 17:41:44.491443',NULL,59,9);
INSERT INTO "attendance" VALUES(1512,'2026-06-16','present','','2026-06-19 17:41:44.500216',NULL,59,9);
INSERT INTO "attendance" VALUES(1513,'2026-06-15','present','','2026-06-19 17:41:44.508744',NULL,59,9);
INSERT INTO "attendance" VALUES(1514,'2026-06-13','leave','','2026-06-19 17:41:44.518138',NULL,59,9);
INSERT INTO "attendance" VALUES(1515,'2026-06-12','present','','2026-06-19 17:41:44.526364',NULL,59,9);
INSERT INTO "attendance" VALUES(1516,'2026-06-11','present','','2026-06-19 17:41:44.535363',NULL,59,9);
INSERT INTO "attendance" VALUES(1517,'2026-06-10','present','','2026-06-19 17:41:44.546565',NULL,59,9);
INSERT INTO "attendance" VALUES(1518,'2026-06-09','present','','2026-06-19 17:41:44.555313',NULL,59,9);
INSERT INTO "attendance" VALUES(1519,'2026-06-08','absent','','2026-06-19 17:41:44.561954',NULL,59,9);
INSERT INTO "attendance" VALUES(1520,'2026-06-06','late','','2026-06-19 17:41:44.567764',NULL,59,9);
INSERT INTO "attendance" VALUES(1521,'2026-06-05','present','','2026-06-19 17:41:44.573733',NULL,59,9);
INSERT INTO "attendance" VALUES(1522,'2026-06-04','present','','2026-06-19 17:41:44.579626',NULL,59,9);
INSERT INTO "attendance" VALUES(1523,'2026-06-03','present','','2026-06-19 17:41:44.585583',NULL,59,9);
INSERT INTO "attendance" VALUES(1524,'2026-06-02','present','','2026-06-19 17:41:44.592352',NULL,59,9);
INSERT INTO "attendance" VALUES(1525,'2026-06-01','present','','2026-06-19 17:41:44.597713',NULL,59,9);
INSERT INTO "attendance" VALUES(1526,'2026-05-30','absent','','2026-06-19 17:41:44.604481',NULL,59,9);
INSERT INTO "attendance" VALUES(1527,'2026-05-29','present','','2026-06-19 17:41:44.614898',NULL,59,9);
INSERT INTO "attendance" VALUES(1528,'2026-05-28','absent','','2026-06-19 17:41:44.619958',NULL,59,9);
INSERT INTO "attendance" VALUES(1529,'2026-05-27','present','','2026-06-19 17:41:44.625034',NULL,59,9);
INSERT INTO "attendance" VALUES(1530,'2026-05-26','late','','2026-06-19 17:41:44.629994',NULL,59,9);
INSERT INTO "attendance" VALUES(1531,'2026-05-25','present','','2026-06-19 17:41:44.636021',NULL,59,9);
INSERT INTO "attendance" VALUES(1532,'2026-05-23','present','','2026-06-19 17:41:44.641486',NULL,59,9);
INSERT INTO "attendance" VALUES(1533,'2026-05-22','absent','','2026-06-19 17:41:44.645820',NULL,59,9);
INSERT INTO "attendance" VALUES(1534,'2026-05-21','present','','2026-06-19 17:41:44.650479',NULL,59,9);
INSERT INTO "attendance" VALUES(1535,'2026-06-19','present','','2026-06-19 17:41:44.655587',NULL,60,9);
INSERT INTO "attendance" VALUES(1536,'2026-06-18','present','','2026-06-19 17:41:44.660764',NULL,60,9);
INSERT INTO "attendance" VALUES(1537,'2026-06-17','present','','2026-06-19 17:41:44.666628',NULL,60,9);
INSERT INTO "attendance" VALUES(1538,'2026-06-16','late','','2026-06-19 17:41:44.672703',NULL,60,9);
INSERT INTO "attendance" VALUES(1539,'2026-06-15','late','','2026-06-19 17:41:44.680744',NULL,60,9);
INSERT INTO "attendance" VALUES(1540,'2026-06-13','present','','2026-06-19 17:41:44.685777',NULL,60,9);
INSERT INTO "attendance" VALUES(1541,'2026-06-12','present','','2026-06-19 17:41:44.690906',NULL,60,9);
INSERT INTO "attendance" VALUES(1542,'2026-06-11','late','','2026-06-19 17:41:44.696678',NULL,60,9);
INSERT INTO "attendance" VALUES(1543,'2026-06-10','present','','2026-06-19 17:41:44.701976',NULL,60,9);
INSERT INTO "attendance" VALUES(1544,'2026-06-09','present','','2026-06-19 17:41:44.708162',NULL,60,9);
INSERT INTO "attendance" VALUES(1545,'2026-06-08','present','','2026-06-19 17:41:44.712564',NULL,60,9);
INSERT INTO "attendance" VALUES(1546,'2026-06-06','late','','2026-06-19 17:41:44.718308',NULL,60,9);
INSERT INTO "attendance" VALUES(1547,'2026-06-05','present','','2026-06-19 17:41:44.723124',NULL,60,9);
INSERT INTO "attendance" VALUES(1548,'2026-06-04','present','','2026-06-19 17:41:44.728064',NULL,60,9);
INSERT INTO "attendance" VALUES(1549,'2026-06-03','late','','2026-06-19 17:41:44.734383',NULL,60,9);
INSERT INTO "attendance" VALUES(1550,'2026-06-02','present','','2026-06-19 17:41:44.740743',NULL,60,9);
INSERT INTO "attendance" VALUES(1551,'2026-06-01','present','','2026-06-19 17:41:44.745872',NULL,60,9);
INSERT INTO "attendance" VALUES(1552,'2026-05-30','present','','2026-06-19 17:41:44.751544',NULL,60,9);
INSERT INTO "attendance" VALUES(1553,'2026-05-29','present','','2026-06-19 17:41:44.758029',NULL,60,9);
INSERT INTO "attendance" VALUES(1554,'2026-05-28','leave','','2026-06-19 17:41:44.762475',NULL,60,9);
INSERT INTO "attendance" VALUES(1555,'2026-05-27','absent','','2026-06-19 17:41:44.768169',NULL,60,9);
INSERT INTO "attendance" VALUES(1556,'2026-05-26','leave','','2026-06-19 17:41:44.772654',NULL,60,9);
INSERT INTO "attendance" VALUES(1557,'2026-05-25','absent','','2026-06-19 17:41:44.777871',NULL,60,9);
INSERT INTO "attendance" VALUES(1558,'2026-05-23','late','','2026-06-19 17:41:44.784059',NULL,60,9);
INSERT INTO "attendance" VALUES(1559,'2026-05-22','leave','','2026-06-19 17:41:44.788549',NULL,60,9);
INSERT INTO "attendance" VALUES(1560,'2026-05-21','late','','2026-06-19 17:41:44.794046',NULL,60,9);
INSERT INTO "attendance" VALUES(1561,'2026-06-20','present','','2026-06-19 18:35:30.358301',1,1,2);
INSERT INTO "attendance" VALUES(1562,'2026-06-20','present','','2026-06-19 18:35:30.385076',1,2,2);
INSERT INTO "attendance" VALUES(1563,'2026-06-20','present','','2026-06-19 18:35:30.407428',1,3,2);
INSERT INTO "attendance" VALUES(1564,'2026-06-20','present','','2026-06-19 18:35:30.424782',1,4,2);
INSERT INTO "attendance" VALUES(1565,'2026-06-20','present','','2026-06-19 18:35:30.456337',1,5,2);
INSERT INTO "attendance" VALUES(1566,'2026-06-20','present','','2026-06-19 18:35:30.500857',1,6,2);
INSERT INTO "attendance" VALUES(1567,'2026-06-20','present','','2026-06-19 18:35:30.534545',1,7,2);
INSERT INTO "attendance" VALUES(1568,'2026-06-20','present','','2026-06-19 18:35:30.563897',1,8,2);
CREATE TABLE "auth_group" ("id" SERIAL PRIMARY KEY, "name" varchar(150) NOT NULL UNIQUE);
CREATE TABLE "auth_group_permissions" ("id" SERIAL PRIMARY KEY, "group_id" integer NOT NULL REFERENCES "auth_group" ("id") DEFERRABLE INITIALLY DEFERRED, "permission_id" integer NOT NULL REFERENCES "auth_permission" ("id") DEFERRABLE INITIALLY DEFERRED);
CREATE TABLE "auth_permission" ("id" SERIAL PRIMARY KEY, "content_type_id" integer NOT NULL REFERENCES "django_content_type" ("id") DEFERRABLE INITIALLY DEFERRED, "codename" varchar(100) NOT NULL, "name" varchar(255) NOT NULL);
INSERT INTO "auth_permission" VALUES(1,1,'add_logentry','Can add log entry');
INSERT INTO "auth_permission" VALUES(2,1,'change_logentry','Can change log entry');
INSERT INTO "auth_permission" VALUES(3,1,'delete_logentry','Can delete log entry');
INSERT INTO "auth_permission" VALUES(4,1,'view_logentry','Can view log entry');
INSERT INTO "auth_permission" VALUES(5,3,'add_permission','Can add permission');
INSERT INTO "auth_permission" VALUES(6,3,'change_permission','Can change permission');
INSERT INTO "auth_permission" VALUES(7,3,'delete_permission','Can delete permission');
INSERT INTO "auth_permission" VALUES(8,3,'view_permission','Can view permission');
INSERT INTO "auth_permission" VALUES(9,2,'add_group','Can add group');
INSERT INTO "auth_permission" VALUES(10,2,'change_group','Can change group');
INSERT INTO "auth_permission" VALUES(11,2,'delete_group','Can delete group');
INSERT INTO "auth_permission" VALUES(12,2,'view_group','Can view group');
INSERT INTO "auth_permission" VALUES(13,4,'add_contenttype','Can add content type');
INSERT INTO "auth_permission" VALUES(14,4,'change_contenttype','Can change content type');
INSERT INTO "auth_permission" VALUES(15,4,'delete_contenttype','Can delete content type');
INSERT INTO "auth_permission" VALUES(16,4,'view_contenttype','Can view content type');
INSERT INTO "auth_permission" VALUES(17,5,'add_session','Can add session');
INSERT INTO "auth_permission" VALUES(18,5,'change_session','Can change session');
INSERT INTO "auth_permission" VALUES(19,5,'delete_session','Can delete session');
INSERT INTO "auth_permission" VALUES(20,5,'view_session','Can view session');
INSERT INTO "auth_permission" VALUES(21,6,'add_user','Can add user');
INSERT INTO "auth_permission" VALUES(22,6,'change_user','Can change user');
INSERT INTO "auth_permission" VALUES(23,6,'delete_user','Can delete user');
INSERT INTO "auth_permission" VALUES(24,6,'view_user','Can view user');
INSERT INTO "auth_permission" VALUES(25,7,'add_class','Can add class');
INSERT INTO "auth_permission" VALUES(26,7,'change_class','Can change class');
INSERT INTO "auth_permission" VALUES(27,7,'delete_class','Can delete class');
INSERT INTO "auth_permission" VALUES(28,7,'view_class','Can view class');
INSERT INTO "auth_permission" VALUES(29,8,'add_student','Can add student');
INSERT INTO "auth_permission" VALUES(30,8,'change_student','Can change student');
INSERT INTO "auth_permission" VALUES(31,8,'delete_student','Can delete student');
INSERT INTO "auth_permission" VALUES(32,8,'view_student','Can view student');
INSERT INTO "auth_permission" VALUES(33,9,'add_attendance','Can add attendance');
INSERT INTO "auth_permission" VALUES(34,9,'change_attendance','Can change attendance');
INSERT INTO "auth_permission" VALUES(35,9,'delete_attendance','Can delete attendance');
INSERT INTO "auth_permission" VALUES(36,9,'view_attendance','Can view attendance');
INSERT INTO "auth_permission" VALUES(37,10,'add_exam','Can add exam');
INSERT INTO "auth_permission" VALUES(38,10,'change_exam','Can change exam');
INSERT INTO "auth_permission" VALUES(39,10,'delete_exam','Can delete exam');
INSERT INTO "auth_permission" VALUES(40,10,'view_exam','Can view exam');
INSERT INTO "auth_permission" VALUES(41,12,'add_subject','Can add subject');
INSERT INTO "auth_permission" VALUES(42,12,'change_subject','Can change subject');
INSERT INTO "auth_permission" VALUES(43,12,'delete_subject','Can delete subject');
INSERT INTO "auth_permission" VALUES(44,12,'view_subject','Can view subject');
INSERT INTO "auth_permission" VALUES(45,11,'add_result','Can add result');
INSERT INTO "auth_permission" VALUES(46,11,'change_result','Can change result');
INSERT INTO "auth_permission" VALUES(47,11,'delete_result','Can delete result');
INSERT INTO "auth_permission" VALUES(48,11,'view_result','Can view result');
CREATE TABLE "classes" ("id" SERIAL PRIMARY KEY, "section" varchar(10) NOT NULL, "academic_year" varchar(9) NOT NULL, "name" varchar(20) NOT NULL);
INSERT INTO "classes" VALUES(2,'A','2025-2026','1');
INSERT INTO "classes" VALUES(3,'B','2025-2026','1');
INSERT INTO "classes" VALUES(4,'A','2025-2026','2');
INSERT INTO "classes" VALUES(5,'B','2025-2026','2');
INSERT INTO "classes" VALUES(6,'A','2025-2026','3');
INSERT INTO "classes" VALUES(7,'B','2025-2026','3');
INSERT INTO "classes" VALUES(8,'A','2025-2026','4');
INSERT INTO "classes" VALUES(9,'B','2025-2026','4');
INSERT INTO "classes" VALUES(10,'A','2025-2026','5');
INSERT INTO "classes" VALUES(11,'B','2025-2026','5');
CREATE TABLE "django_admin_log" ("id" SERIAL PRIMARY KEY, "object_id" text NULL, "object_repr" varchar(200) NOT NULL, "action_flag" smallint NOT NULL, "change_message" text NOT NULL, "content_type_id" integer NULL REFERENCES "django_content_type" ("id") DEFERRABLE INITIALLY DEFERRED, "user_id" bigint NOT NULL REFERENCES "users" ("id") DEFERRABLE INITIALLY DEFERRED, "action_time" timestamp with time zone NOT NULL);
INSERT INTO "django_admin_log" VALUES(1,'7','shrikant chaurasiya (Student)',2,'[{"changed": {"fields": ["Role"]}}]',6,1,'2026-06-19 18:01:19.395186');
CREATE TABLE "django_content_type" ("id" SERIAL PRIMARY KEY, "app_label" varchar(100) NOT NULL, "model" varchar(100) NOT NULL);
INSERT INTO "django_content_type" VALUES(1,'admin','logentry');
INSERT INTO "django_content_type" VALUES(2,'auth','group');
INSERT INTO "django_content_type" VALUES(3,'auth','permission');
INSERT INTO "django_content_type" VALUES(4,'contenttypes','contenttype');
INSERT INTO "django_content_type" VALUES(5,'sessions','session');
INSERT INTO "django_content_type" VALUES(6,'accounts','user');
INSERT INTO "django_content_type" VALUES(7,'students','class');
INSERT INTO "django_content_type" VALUES(8,'students','student');
INSERT INTO "django_content_type" VALUES(9,'attendance','attendance');
INSERT INTO "django_content_type" VALUES(10,'results','exam');
INSERT INTO "django_content_type" VALUES(11,'results','result');
INSERT INTO "django_content_type" VALUES(12,'results','subject');
CREATE TABLE "django_migrations" ("id" SERIAL PRIMARY KEY, "app" varchar(255) NOT NULL, "name" varchar(255) NOT NULL, "applied" timestamp with time zone NOT NULL);
INSERT INTO "django_migrations" VALUES(1,'contenttypes','0001_initial','2026-06-19 17:40:41.151225');
INSERT INTO "django_migrations" VALUES(2,'contenttypes','0002_remove_content_type_name','2026-06-19 17:40:41.170420');
INSERT INTO "django_migrations" VALUES(3,'auth','0001_initial','2026-06-19 17:40:41.202166');
INSERT INTO "django_migrations" VALUES(4,'auth','0002_alter_permission_name_max_length','2026-06-19 17:40:41.220225');
INSERT INTO "django_migrations" VALUES(5,'auth','0003_alter_user_email_max_length','2026-06-19 17:40:41.235258');
INSERT INTO "django_migrations" VALUES(6,'auth','0004_alter_user_username_opts','2026-06-19 17:40:41.247463');
INSERT INTO "django_migrations" VALUES(7,'auth','0005_alter_user_last_login_null','2026-06-19 17:40:41.257442');
INSERT INTO "django_migrations" VALUES(8,'auth','0006_require_contenttypes_0002','2026-06-19 17:40:41.261459');
INSERT INTO "django_migrations" VALUES(9,'auth','0007_alter_validators_add_error_messages','2026-06-19 17:40:41.272274');
INSERT INTO "django_migrations" VALUES(10,'auth','0008_alter_user_username_max_length','2026-06-19 17:40:41.280984');
INSERT INTO "django_migrations" VALUES(11,'auth','0009_alter_user_last_name_max_length','2026-06-19 17:40:41.295360');
INSERT INTO "django_migrations" VALUES(12,'auth','0010_alter_group_name_max_length','2026-06-19 17:40:41.306630');
INSERT INTO "django_migrations" VALUES(13,'auth','0011_update_proxy_permissions','2026-06-19 17:40:41.313584');
INSERT INTO "django_migrations" VALUES(14,'auth','0012_alter_user_first_name_max_length','2026-06-19 17:40:41.321796');
INSERT INTO "django_migrations" VALUES(15,'accounts','0001_initial','2026-06-19 17:40:41.336949');
INSERT INTO "django_migrations" VALUES(16,'admin','0001_initial','2026-06-19 17:40:41.357145');
INSERT INTO "django_migrations" VALUES(17,'admin','0002_logentry_remove_auto_add','2026-06-19 17:40:41.380001');
INSERT INTO "django_migrations" VALUES(18,'admin','0003_logentry_add_action_flag_choices','2026-06-19 17:40:41.397025');
INSERT INTO "django_migrations" VALUES(19,'students','0001_initial','2026-06-19 17:40:41.423122');
INSERT INTO "django_migrations" VALUES(20,'attendance','0001_initial','2026-06-19 17:40:41.455976');
INSERT INTO "django_migrations" VALUES(21,'results','0001_initial','2026-06-19 17:40:41.497905');
INSERT INTO "django_migrations" VALUES(22,'sessions','0001_initial','2026-06-19 17:40:41.510670');
INSERT INTO "django_migrations" VALUES(23,'students','0002_alter_class_name','2026-06-19 17:41:24.037738');
INSERT INTO "django_migrations" VALUES(24,'results','0002_result_grade_auto_alter_result_grade','2026-06-19 18:34:13.827755');
CREATE TABLE "django_session" ("session_key" varchar(40) NOT NULL PRIMARY KEY, "session_data" text NOT NULL, "expire_date" timestamp with time zone NOT NULL);
INSERT INTO "django_session" VALUES('vzj4iit4oa2lpdj1dcguvw1c9h1bcquo','.eJxVjLsOwjAMAP_FM4qSOHWajux8Q2XHKS2gVOpjQvw7qtQB1rvTvaHnfRv7fS1LPyl0EOHyy4Tzs9RD6IPrfTZ5rtsyiTkSc9rV3GYtr-vZ_g1GXkfoQMiGSM4G1MHFREmDtEqeSyPUIifxJaL1LZNr0EYvyFkGKTl7JKfw-QLIMjeY:1wadgc:I1DCthGt5Vl5KPt4FISFNncmavy7eH7uSMdUhTxnHbs','2026-07-03 18:11:26.786393');
INSERT INTO "django_session" VALUES('41c1ba4xw7nlhhm4skglmd94nfn4p19c','.eJxVjMsKgzAQRX-lzFqCNiYzdlnc9htkYibVPiKYuCil_14sUnB57zmcN6S8eIm5Gz2cquI_Iz8FTtCOLz60nKCAjpc8dEuS-edCtf8c93eJK_A3jtdJ9VPM8-jUqqiNJnWZvDzOm7sLDJyGNYtVXRpXak9IZH1wnhsWR05zqasaqdHokGxjQjiKQZTeMKIES9YywecLN3VFXg:1wadnv:IG8Pko0wW8-PxquZubzXoErhPuh3KayvgGbEkkKWbBA','2026-07-03 18:18:59.246287');
CREATE TABLE "exams" ("id" SERIAL PRIMARY KEY, "name" varchar(100) NOT NULL, "exam_type" varchar(20) NOT NULL, "start_date" date NOT NULL, "end_date" date NOT NULL, "academic_year" varchar(9) NOT NULL, "is_published" bool NOT NULL, "student_class_id" bigint NOT NULL REFERENCES "classes" ("id") DEFERRABLE INITIALLY DEFERRED);
INSERT INTO "exams" VALUES(1,'Midterm 1','midterm','2026-04-20','2026-04-25','2025-2026',true,2);
INSERT INTO "exams" VALUES(2,'Midterm 1','midterm','2026-04-20','2026-04-25','2025-2026',true,3);
INSERT INTO "exams" VALUES(3,'Midterm 2','midterm','2026-04-20','2026-04-25','2025-2026',true,4);
INSERT INTO "exams" VALUES(4,'Midterm 2','midterm','2026-04-20','2026-04-25','2025-2026',true,5);
INSERT INTO "exams" VALUES(5,'Midterm 3','midterm','2026-04-20','2026-04-25','2025-2026',true,6);
INSERT INTO "exams" VALUES(6,'Midterm 3','midterm','2026-04-20','2026-04-25','2025-2026',true,7);
INSERT INTO "exams" VALUES(7,'Midterm 4','midterm','2026-04-20','2026-04-25','2025-2026',true,8);
INSERT INTO "exams" VALUES(8,'Midterm 4','midterm','2026-04-20','2026-04-25','2025-2026',true,9);
INSERT INTO "exams" VALUES(9,'Midterm 5','midterm','2026-04-20','2026-04-25','2025-2026',true,10);
INSERT INTO "exams" VALUES(10,'Midterm 5','midterm','2026-04-20','2026-04-25','2025-2026',true,11);
CREATE TABLE "results" ("id" SERIAL PRIMARY KEY, "marks_obtained" real NOT NULL, "grade" varchar(2) NOT NULL, "remarks" varchar(255) NOT NULL, "created_at" timestamp with time zone NOT NULL, "updated_at" timestamp with time zone NOT NULL, "exam_id" bigint NOT NULL REFERENCES "exams" ("id") DEFERRABLE INITIALLY DEFERRED, "student_id" bigint NOT NULL REFERENCES "students" ("id") DEFERRABLE INITIALLY DEFERRED, "subject_id" bigint NOT NULL REFERENCES "subjects" ("id") DEFERRABLE INITIALLY DEFERRED, "grade_auto" bool NOT NULL);
INSERT INTO "results" VALUES(1,96.0,'A+','','2026-06-19 17:41:44.818281','2026-06-19 18:39:13.588203',1,1,2,false);
INSERT INTO "results" VALUES(2,100.0,'A+','','2026-06-19 17:41:44.824055','2026-06-19 18:40:18.400515',1,1,3,false);
INSERT INTO "results" VALUES(3,99.0,'A+','','2026-06-19 17:41:44.829040','2026-06-19 18:40:30.987236',1,1,1,false);
INSERT INTO "results" VALUES(4,99.0,'A+','','2026-06-19 17:41:44.833749','2026-06-19 18:39:53.419899',1,1,4,false);
INSERT INTO "results" VALUES(5,98.0,'A+','','2026-06-19 17:41:44.838666','2026-06-19 18:55:28.639704',1,1,5,true);
INSERT INTO "results" VALUES(6,89.0,'A','','2026-06-19 17:41:44.843522','2026-06-19 18:39:13.624194',1,2,2,false);
INSERT INTO "results" VALUES(7,89.0,'A','','2026-06-19 17:41:44.849090','2026-06-19 18:40:18.416504',1,2,3,false);
INSERT INTO "results" VALUES(8,69.0,'B','','2026-06-19 17:41:44.854423','2026-06-19 18:40:31.009326',1,2,1,false);
INSERT INTO "results" VALUES(9,99.0,'A+','','2026-06-19 17:41:44.859694','2026-06-19 18:39:53.437654',1,2,4,false);
INSERT INTO "results" VALUES(10,98.0,'A+','','2026-06-19 17:41:44.865340','2026-06-19 18:55:28.652180',1,2,5,true);
INSERT INTO "results" VALUES(11,78.0,'B+','','2026-06-19 17:41:44.869759','2026-06-19 18:39:13.656116',1,3,2,false);
INSERT INTO "results" VALUES(12,36.0,'D','','2026-06-19 17:41:44.874921','2026-06-19 18:40:18.431481',1,3,3,false);
INSERT INTO "results" VALUES(13,69.0,'B','','2026-06-19 17:41:44.879116','2026-06-19 18:40:31.023366',1,3,1,false);
INSERT INTO "results" VALUES(14,99.0,'A+','','2026-06-19 17:41:44.884310','2026-06-19 18:39:53.451922',1,3,4,false);
INSERT INTO "results" VALUES(15,98.0,'A+','','2026-06-19 17:41:44.889788','2026-06-19 18:55:28.666862',1,3,5,true);
INSERT INTO "results" VALUES(16,98.0,'A+','','2026-06-19 17:41:44.895699','2026-06-19 18:39:13.674593',1,4,2,false);
INSERT INTO "results" VALUES(17,26.0,'F','','2026-06-19 17:41:44.900696','2026-06-19 18:40:18.444071',1,4,3,false);
INSERT INTO "results" VALUES(18,88.0,'A','','2026-06-19 17:41:44.905922','2026-06-19 18:40:31.034783',1,4,1,false);
INSERT INTO "results" VALUES(19,86.0,'A','','2026-06-19 17:41:44.910034','2026-06-19 18:39:53.462341',1,4,4,false);
INSERT INTO "results" VALUES(20,59.0,'C+','','2026-06-19 17:41:44.915031','2026-06-19 18:55:28.680139',1,4,5,true);
INSERT INTO "results" VALUES(21,68.0,'B','','2026-06-19 17:41:44.920472','2026-06-19 18:39:13.684781',1,5,2,false);
INSERT INTO "results" VALUES(22,24.0,'F','','2026-06-19 17:41:44.926084','2026-06-19 18:40:18.456209',1,5,3,false);
INSERT INTO "results" VALUES(23,98.0,'A+','','2026-06-19 17:41:44.932042','2026-06-19 18:40:31.047337',1,5,1,false);
INSERT INTO "results" VALUES(24,71.0,'B+','','2026-06-19 17:41:44.936921','2026-06-19 18:39:53.472413',1,5,4,false);
INSERT INTO "results" VALUES(25,98.0,'A+','','2026-06-19 17:41:44.942119','2026-06-19 18:55:28.701811',1,5,5,true);
INSERT INTO "results" VALUES(26,95.0,'A+','','2026-06-19 17:41:44.946513','2026-06-19 18:39:13.695179',1,6,2,false);
INSERT INTO "results" VALUES(27,93.0,'A+','','2026-06-19 17:41:44.951453','2026-06-19 18:40:18.466531',1,6,3,false);
INSERT INTO "results" VALUES(28,58.0,'C+','','2026-06-19 17:41:44.956208','2026-06-19 18:40:31.057738',1,6,1,false);
INSERT INTO "results" VALUES(29,33.0,'D','','2026-06-19 17:41:44.960337','2026-06-19 18:39:53.482110',1,6,4,false);
INSERT INTO "results" VALUES(30,80.0,'A','','2026-06-19 17:41:44.965466','2026-06-19 18:55:28.713483',1,6,5,false);
INSERT INTO "results" VALUES(31,88.0,'A','','2026-06-19 17:41:44.972494','2026-06-19 18:39:13.709527',1,7,2,false);
INSERT INTO "results" VALUES(32,51.0,'C+','','2026-06-19 17:41:44.975957','2026-06-19 18:40:18.477937',1,7,3,false);
INSERT INTO "results" VALUES(33,78.0,'B+','','2026-06-19 17:41:44.984047','2026-06-19 18:40:31.069073',1,7,1,false);
INSERT INTO "results" VALUES(34,90.0,'A+','','2026-06-19 17:41:44.988414','2026-06-19 18:39:53.491429',1,7,4,false);
INSERT INTO "results" VALUES(35,36.0,'D','','2026-06-19 17:41:44.993114','2026-06-19 18:55:28.724554',1,7,5,true);
INSERT INTO "results" VALUES(36,99.0,'A+','','2026-06-19 17:41:44.998067','2026-06-19 18:39:13.721034',1,8,2,false);
INSERT INTO "results" VALUES(37,40.0,'C','','2026-06-19 17:41:45.002181','2026-06-19 18:40:18.489533',1,8,3,false);
INSERT INTO "results" VALUES(38,87.0,'A','','2026-06-19 17:41:45.006469','2026-06-19 18:40:31.079853',1,8,1,false);
INSERT INTO "results" VALUES(39,87.0,'A','','2026-06-19 17:41:45.010802','2026-06-19 18:39:53.502067',1,8,4,false);
INSERT INTO "results" VALUES(40,35.0,'D','','2026-06-19 17:41:45.014989','2026-06-19 18:55:28.735376',1,8,5,true);
INSERT INTO "results" VALUES(41,72.0,'B+','','2026-06-19 17:41:45.023603','2026-06-19 17:41:45.023623',2,9,7,true);
INSERT INTO "results" VALUES(42,39.0,'D','','2026-06-19 17:41:45.028067','2026-06-19 17:41:45.028094',2,9,8,true);
INSERT INTO "results" VALUES(43,54.0,'C+','','2026-06-19 17:41:45.032357','2026-06-19 17:41:45.032378',2,9,6,true);
INSERT INTO "results" VALUES(44,64.0,'B','','2026-06-19 17:41:45.040789','2026-06-19 17:41:45.040810',2,9,9,true);
INSERT INTO "results" VALUES(45,38.0,'D','','2026-06-19 17:41:45.045328','2026-06-19 17:41:45.045349',2,9,10,true);
INSERT INTO "results" VALUES(46,59.0,'C+','','2026-06-19 17:41:45.050373','2026-06-19 17:41:45.050401',2,10,7,true);
INSERT INTO "results" VALUES(47,74.0,'B+','','2026-06-19 17:41:45.056135','2026-06-19 17:41:45.056164',2,10,8,true);
INSERT INTO "results" VALUES(48,92.0,'A+','','2026-06-19 17:41:45.061830','2026-06-19 17:41:45.061860',2,10,6,true);
INSERT INTO "results" VALUES(49,81.0,'A','','2026-06-19 17:41:45.066442','2026-06-19 17:41:45.066471',2,10,9,true);
INSERT INTO "results" VALUES(50,23.0,'F','','2026-06-19 17:41:45.072032','2026-06-19 17:41:45.072062',2,10,10,true);
INSERT INTO "results" VALUES(51,100.0,'F','','2026-06-19 17:41:45.077624','2026-06-19 17:54:12.807861',2,11,7,true);
INSERT INTO "results" VALUES(52,62.0,'B','','2026-06-19 17:41:45.082905','2026-06-19 17:41:45.082934',2,11,8,true);
INSERT INTO "results" VALUES(53,25.0,'F','','2026-06-19 17:41:45.087570','2026-06-19 17:41:45.087591',2,11,6,true);
INSERT INTO "results" VALUES(54,86.0,'A','','2026-06-19 17:41:45.094378','2026-06-19 17:41:45.094405',2,11,9,true);
INSERT INTO "results" VALUES(55,76.0,'B+','','2026-06-19 17:41:45.099475','2026-06-19 17:41:45.099504',2,11,10,true);
INSERT INTO "results" VALUES(56,78.0,'B+','','2026-06-19 17:41:45.104952','2026-06-19 17:41:45.104971',2,12,7,true);
INSERT INTO "results" VALUES(57,100.0,'A+','','2026-06-19 17:41:45.110094','2026-06-19 17:41:45.110115',2,12,8,true);
INSERT INTO "results" VALUES(58,98.0,'A+','','2026-06-19 17:41:45.114916','2026-06-19 17:41:45.114935',2,12,6,true);
INSERT INTO "results" VALUES(59,24.0,'F','','2026-06-19 17:41:45.119188','2026-06-19 17:41:45.119207',2,12,9,true);
INSERT INTO "results" VALUES(60,90.0,'A+','','2026-06-19 17:41:45.123963','2026-06-19 17:41:45.123987',2,12,10,true);
INSERT INTO "results" VALUES(61,46.0,'C','','2026-06-19 17:41:45.128612','2026-06-19 17:41:45.128636',2,13,7,true);
INSERT INTO "results" VALUES(62,94.0,'A+','','2026-06-19 17:41:45.133256','2026-06-19 17:41:45.133280',2,13,8,true);
INSERT INTO "results" VALUES(63,56.0,'C+','','2026-06-19 17:41:45.138077','2026-06-19 17:41:45.138103',2,13,6,true);
INSERT INTO "results" VALUES(64,26.0,'F','','2026-06-19 17:41:45.143746','2026-06-19 17:41:45.143773',2,13,9,true);
INSERT INTO "results" VALUES(65,97.0,'A+','','2026-06-19 17:41:45.149089','2026-06-19 17:41:45.149116',2,13,10,true);
INSERT INTO "results" VALUES(66,26.0,'F','','2026-06-19 17:41:45.159429','2026-06-19 17:41:45.159450',2,14,7,true);
INSERT INTO "results" VALUES(67,26.0,'F','','2026-06-19 17:41:45.166669','2026-06-19 17:41:45.166695',2,14,8,true);
INSERT INTO "results" VALUES(68,29.0,'F','','2026-06-19 17:41:45.171952','2026-06-19 17:41:45.171978',2,14,6,true);
INSERT INTO "results" VALUES(69,79.0,'B+','','2026-06-19 17:41:45.177967','2026-06-19 17:41:45.177994',2,14,9,true);
INSERT INTO "results" VALUES(70,41.0,'C','','2026-06-19 17:41:45.184049','2026-06-19 17:41:45.184076',2,14,10,true);
INSERT INTO "results" VALUES(71,25.0,'F','','2026-06-19 17:41:45.195825','2026-06-19 17:41:45.195853',2,15,7,true);
INSERT INTO "results" VALUES(72,90.0,'A+','','2026-06-19 17:41:45.201574','2026-06-19 17:41:45.201608',2,15,8,true);
INSERT INTO "results" VALUES(73,72.0,'B+','','2026-06-19 17:41:45.208312','2026-06-19 17:41:45.208341',2,15,6,true);
INSERT INTO "results" VALUES(74,26.0,'F','','2026-06-19 17:41:45.333140','2026-06-19 17:41:45.333168',2,15,9,true);
INSERT INTO "results" VALUES(75,74.0,'B+','','2026-06-19 17:41:45.505021','2026-06-19 17:41:45.505047',2,15,10,true);
INSERT INTO "results" VALUES(76,22.0,'F','','2026-06-19 17:41:45.678104','2026-06-19 17:41:45.678133',2,16,7,true);
INSERT INTO "results" VALUES(77,54.0,'C+','','2026-06-19 17:41:45.837266','2026-06-19 17:41:45.837293',2,16,8,true);
INSERT INTO "results" VALUES(78,73.0,'B+','','2026-06-19 17:41:45.967844','2026-06-19 17:41:45.967906',2,16,6,true);
INSERT INTO "results" VALUES(79,30.0,'F','','2026-06-19 17:41:45.979093','2026-06-19 17:41:45.979134',2,16,9,true);
INSERT INTO "results" VALUES(80,45.0,'C','','2026-06-19 17:41:45.987393','2026-06-19 17:41:45.987577',2,16,10,true);
INSERT INTO "results" VALUES(81,33.0,'D','','2026-06-19 17:41:46.013601','2026-06-19 17:41:46.013671',3,17,12,true);
INSERT INTO "results" VALUES(82,80.0,'A','','2026-06-19 17:41:46.047908','2026-06-19 17:41:46.047948',3,17,13,true);
INSERT INTO "results" VALUES(83,37.0,'D','','2026-06-19 17:41:46.058172','2026-06-19 17:41:46.058224',3,17,11,true);
INSERT INTO "results" VALUES(84,57.0,'C+','','2026-06-19 17:41:46.069356','2026-06-19 17:41:46.069398',3,17,14,true);
INSERT INTO "results" VALUES(85,63.0,'B','','2026-06-19 17:41:46.079663','2026-06-19 17:41:46.079728',3,17,15,true);
INSERT INTO "results" VALUES(86,78.0,'B+','','2026-06-19 17:41:46.091798','2026-06-19 17:41:46.091839',3,18,12,true);
INSERT INTO "results" VALUES(87,100.0,'A+','','2026-06-19 17:41:46.105095','2026-06-19 17:41:46.105163',3,18,13,true);
INSERT INTO "results" VALUES(88,81.0,'A','','2026-06-19 17:41:46.119839','2026-06-19 17:41:46.119985',3,18,11,true);
INSERT INTO "results" VALUES(89,96.0,'A+','','2026-06-19 17:41:46.134333','2026-06-19 17:41:46.134380',3,18,14,true);
INSERT INTO "results" VALUES(90,24.0,'F','','2026-06-19 17:41:46.147376','2026-06-19 17:41:46.147428',3,18,15,true);
INSERT INTO "results" VALUES(91,39.0,'D','','2026-06-19 17:41:46.162560','2026-06-19 17:41:46.162596',3,19,12,true);
INSERT INTO "results" VALUES(92,48.0,'C','','2026-06-19 17:41:46.170728','2026-06-19 17:41:46.170770',3,19,13,true);
INSERT INTO "results" VALUES(93,31.0,'F','','2026-06-19 17:41:46.182519','2026-06-19 17:41:46.182556',3,19,11,true);
INSERT INTO "results" VALUES(94,64.0,'B','','2026-06-19 17:41:46.189356','2026-06-19 17:41:46.189390',3,19,14,true);
INSERT INTO "results" VALUES(95,99.0,'A+','','2026-06-19 17:41:46.196222','2026-06-19 17:41:46.196246',3,19,15,true);
INSERT INTO "results" VALUES(96,80.0,'A','','2026-06-19 17:41:46.202921','2026-06-19 17:41:46.202954',3,20,12,true);
INSERT INTO "results" VALUES(97,30.0,'F','','2026-06-19 17:41:46.208725','2026-06-19 17:41:46.208747',3,20,13,true);
INSERT INTO "results" VALUES(98,40.0,'C','','2026-06-19 17:41:46.214789','2026-06-19 17:41:46.214811',3,20,11,true);
INSERT INTO "results" VALUES(99,91.0,'A+','','2026-06-19 17:41:46.221678','2026-06-19 17:41:46.221700',3,20,14,true);
INSERT INTO "results" VALUES(100,59.0,'C+','','2026-06-19 17:41:46.225428','2026-06-19 17:41:46.225447',3,20,15,true);
INSERT INTO "results" VALUES(101,22.0,'F','','2026-06-19 17:41:46.232970','2026-06-19 17:41:46.232998',3,21,12,true);
INSERT INTO "results" VALUES(102,22.0,'F','','2026-06-19 17:41:46.238920','2026-06-19 17:41:46.238941',3,21,13,true);
INSERT INTO "results" VALUES(103,43.0,'C','','2026-06-19 17:41:46.244823','2026-06-19 17:41:46.244849',3,21,11,true);
INSERT INTO "results" VALUES(104,95.0,'A+','','2026-06-19 17:41:46.249989','2026-06-19 17:41:46.250011',3,21,14,true);
INSERT INTO "results" VALUES(105,67.0,'B','','2026-06-19 17:41:46.254869','2026-06-19 17:41:46.254893',3,21,15,true);
INSERT INTO "results" VALUES(106,76.0,'B+','','2026-06-19 17:41:46.259216','2026-06-19 17:41:46.259236',3,22,12,true);
INSERT INTO "results" VALUES(107,49.0,'C','','2026-06-19 17:41:46.264044','2026-06-19 17:41:46.264063',3,22,13,true);
INSERT INTO "results" VALUES(108,77.0,'B+','','2026-06-19 17:41:46.269424','2026-06-19 17:41:46.269442',3,22,11,true);
INSERT INTO "results" VALUES(109,61.0,'B','','2026-06-19 17:41:46.273837','2026-06-19 17:41:46.273889',3,22,14,true);
INSERT INTO "results" VALUES(110,99.0,'A+','','2026-06-19 17:41:46.277886','2026-06-19 17:41:46.277911',3,22,15,true);
INSERT INTO "results" VALUES(111,26.0,'F','','2026-06-19 17:41:46.282454','2026-06-19 17:41:46.282475',3,23,12,true);
INSERT INTO "results" VALUES(112,65.0,'B','','2026-06-19 17:41:46.286936','2026-06-19 17:41:46.286955',3,23,13,true);
INSERT INTO "results" VALUES(113,27.0,'F','','2026-06-19 17:41:46.294882','2026-06-19 17:41:46.294910',3,23,11,true);
INSERT INTO "results" VALUES(114,24.0,'F','','2026-06-19 17:41:46.299887','2026-06-19 17:41:46.299907',3,23,14,true);
INSERT INTO "results" VALUES(115,38.0,'D','','2026-06-19 17:41:46.304867','2026-06-19 17:41:46.304888',3,23,15,true);
INSERT INTO "results" VALUES(116,78.0,'B+','','2026-06-19 17:41:46.308542','2026-06-19 17:41:46.308562',3,24,12,true);
INSERT INTO "results" VALUES(117,80.0,'A','','2026-06-19 17:41:46.315407','2026-06-19 17:41:46.315428',3,24,13,true);
INSERT INTO "results" VALUES(118,100.0,'A+','','2026-06-19 17:41:46.319976','2026-06-19 17:41:46.319995',3,24,11,true);
INSERT INTO "results" VALUES(119,24.0,'F','','2026-06-19 17:41:46.323576','2026-06-19 17:41:46.323595',3,24,14,true);
INSERT INTO "results" VALUES(120,92.0,'A+','','2026-06-19 17:41:46.328307','2026-06-19 17:41:46.328325',3,24,15,true);
INSERT INTO "results" VALUES(121,100.0,'A+','','2026-06-19 17:41:46.340464','2026-06-19 17:41:46.340483',4,25,17,true);
INSERT INTO "results" VALUES(122,35.0,'D','','2026-06-19 17:41:46.344998','2026-06-19 17:41:46.345019',4,25,18,true);
INSERT INTO "results" VALUES(123,79.0,'B+','','2026-06-19 17:41:46.349053','2026-06-19 17:41:46.349072',4,25,16,true);
INSERT INTO "results" VALUES(124,35.0,'D','','2026-06-19 17:41:46.354806','2026-06-19 17:41:46.354826',4,25,19,true);
INSERT INTO "results" VALUES(125,50.0,'C+','','2026-06-19 17:41:46.358944','2026-06-19 17:41:46.358963',4,25,20,true);
INSERT INTO "results" VALUES(126,94.0,'A+','','2026-06-19 17:41:46.363123','2026-06-19 17:41:46.363143',4,26,17,true);
INSERT INTO "results" VALUES(127,33.0,'D','','2026-06-19 17:41:46.367013','2026-06-19 17:41:46.367032',4,26,18,true);
INSERT INTO "results" VALUES(128,43.0,'C','','2026-06-19 17:41:46.372174','2026-06-19 17:41:46.372200',4,26,16,true);
INSERT INTO "results" VALUES(129,29.0,'F','','2026-06-19 17:41:46.376071','2026-06-19 17:41:46.376090',4,26,19,true);
INSERT INTO "results" VALUES(130,41.0,'C','','2026-06-19 17:41:46.380083','2026-06-19 17:41:46.380103',4,26,20,true);
INSERT INTO "results" VALUES(131,88.0,'A','','2026-06-19 17:41:46.383770','2026-06-19 17:41:46.383788',4,27,17,true);
INSERT INTO "results" VALUES(132,45.0,'C','','2026-06-19 17:41:46.388741','2026-06-19 17:41:46.388760',4,27,18,true);
INSERT INTO "results" VALUES(133,50.0,'C+','','2026-06-19 17:41:46.392979','2026-06-19 17:41:46.392997',4,27,16,true);
INSERT INTO "results" VALUES(134,47.0,'C','','2026-06-19 17:41:46.397845','2026-06-19 17:41:46.397864',4,27,19,true);
INSERT INTO "results" VALUES(135,52.0,'C+','','2026-06-19 17:41:46.402743','2026-06-19 17:41:46.402771',4,27,20,true);
INSERT INTO "results" VALUES(136,91.0,'A+','','2026-06-19 17:41:46.407416','2026-06-19 17:41:46.407443',4,28,17,true);
INSERT INTO "results" VALUES(137,81.0,'A','','2026-06-19 17:41:46.411881','2026-06-19 17:41:46.411909',4,28,18,true);
INSERT INTO "results" VALUES(138,43.0,'C','','2026-06-19 17:41:46.418993','2026-06-19 17:41:46.419017',4,28,16,true);
INSERT INTO "results" VALUES(139,71.0,'B+','','2026-06-19 17:41:46.422686','2026-06-19 17:41:46.422710',4,28,19,true);
INSERT INTO "results" VALUES(140,58.0,'C+','','2026-06-19 17:41:46.426776','2026-06-19 17:41:46.426802',4,28,20,true);
INSERT INTO "results" VALUES(141,95.0,'A+','','2026-06-19 17:41:46.432264','2026-06-19 17:41:46.432291',4,29,17,true);
INSERT INTO "results" VALUES(142,88.0,'A','','2026-06-19 17:41:46.437029','2026-06-19 17:41:46.437057',4,29,18,true);
INSERT INTO "results" VALUES(143,65.0,'B','','2026-06-19 17:41:46.441411','2026-06-19 17:41:46.441441',4,29,16,true);
INSERT INTO "results" VALUES(144,79.0,'B+','','2026-06-19 17:41:46.447971','2026-06-19 17:41:46.447999',4,29,19,true);
INSERT INTO "results" VALUES(145,61.0,'B','','2026-06-19 17:41:46.453156','2026-06-19 17:41:46.453176',4,29,20,true);
INSERT INTO "results" VALUES(146,54.0,'C+','','2026-06-19 17:41:46.458076','2026-06-19 17:41:46.458096',4,30,17,true);
INSERT INTO "results" VALUES(147,80.0,'A','','2026-06-19 17:41:46.464174','2026-06-19 17:41:46.464203',4,30,18,true);
INSERT INTO "results" VALUES(148,28.0,'F','','2026-06-19 17:41:46.469598','2026-06-19 17:41:46.469623',4,30,16,true);
INSERT INTO "results" VALUES(149,71.0,'B+','','2026-06-19 17:41:46.474941','2026-06-19 17:41:46.474968',4,30,19,true);
INSERT INTO "results" VALUES(150,84.0,'A','','2026-06-19 17:41:46.483248','2026-06-19 17:41:46.483279',4,30,20,true);
INSERT INTO "results" VALUES(151,42.0,'C','','2026-06-19 17:41:46.488118','2026-06-19 17:41:46.488145',4,31,17,true);
INSERT INTO "results" VALUES(152,20.0,'F','','2026-06-19 17:41:46.493337','2026-06-19 17:41:46.493367',4,31,18,true);
INSERT INTO "results" VALUES(153,61.0,'B','','2026-06-19 17:41:46.499763','2026-06-19 17:41:46.499789',4,31,16,true);
INSERT INTO "results" VALUES(154,79.0,'B+','','2026-06-19 17:41:46.503543','2026-06-19 17:41:46.503571',4,31,19,true);
INSERT INTO "results" VALUES(155,70.0,'B+','','2026-06-19 17:41:46.507375','2026-06-19 17:41:46.507403',4,31,20,true);
INSERT INTO "results" VALUES(156,75.0,'B+','','2026-06-19 17:41:46.513612','2026-06-19 17:41:46.513678',4,32,17,true);
INSERT INTO "results" VALUES(157,83.0,'A','','2026-06-19 17:41:46.518333','2026-06-19 17:41:46.518355',4,32,18,true);
INSERT INTO "results" VALUES(158,97.0,'A+','','2026-06-19 17:41:46.523866','2026-06-19 17:41:46.523899',4,32,16,true);
INSERT INTO "results" VALUES(159,64.0,'B','','2026-06-19 17:41:46.531286','2026-06-19 17:41:46.531314',4,32,19,true);
INSERT INTO "results" VALUES(160,56.0,'C+','','2026-06-19 17:41:46.537447','2026-06-19 17:41:46.537468',4,32,20,true);
INSERT INTO "results" VALUES(161,75.0,'B+','','2026-06-19 17:41:46.552177','2026-06-19 17:41:46.552197',5,33,22,true);
INSERT INTO "results" VALUES(162,23.0,'F','','2026-06-19 17:41:46.557447','2026-06-19 17:41:46.557468',5,33,23,true);
INSERT INTO "results" VALUES(163,75.0,'B+','','2026-06-19 17:41:46.562048','2026-06-19 17:41:46.562069',5,33,21,true);
INSERT INTO "results" VALUES(164,77.0,'B+','','2026-06-19 17:41:46.566534','2026-06-19 17:41:46.566554',5,33,24,true);
INSERT INTO "results" VALUES(165,30.0,'F','','2026-06-19 17:41:46.570770','2026-06-19 17:41:46.570790',5,33,25,true);
INSERT INTO "results" VALUES(166,96.0,'A+','','2026-06-19 17:41:46.575323','2026-06-19 17:41:46.575410',5,34,22,true);
INSERT INTO "results" VALUES(167,36.0,'D','','2026-06-19 17:41:46.579606','2026-06-19 17:41:46.579632',5,34,23,true);
INSERT INTO "results" VALUES(168,38.0,'D','','2026-06-19 17:41:46.583484','2026-06-19 17:41:46.583503',5,34,21,true);
INSERT INTO "results" VALUES(169,91.0,'A+','','2026-06-19 17:41:46.588448','2026-06-19 17:41:46.588479',5,34,24,true);
INSERT INTO "results" VALUES(170,42.0,'C','','2026-06-19 17:41:46.592966','2026-06-19 17:41:46.592988',5,34,25,true);
INSERT INTO "results" VALUES(171,72.0,'B+','','2026-06-19 17:41:46.598736','2026-06-19 17:41:46.598755',5,35,22,true);
INSERT INTO "results" VALUES(172,49.0,'C','','2026-06-19 17:41:46.605487','2026-06-19 17:41:46.605509',5,35,23,true);
INSERT INTO "results" VALUES(173,92.0,'A+','','2026-06-19 17:41:46.609756','2026-06-19 17:41:46.609775',5,35,21,true);
INSERT INTO "results" VALUES(174,62.0,'B','','2026-06-19 17:41:46.613173','2026-06-19 17:41:46.613193',5,35,24,true);
INSERT INTO "results" VALUES(175,40.0,'C','','2026-06-19 17:41:46.616611','2026-06-19 17:41:46.616633',5,35,25,true);
INSERT INTO "results" VALUES(176,59.0,'C+','','2026-06-19 17:41:46.620123','2026-06-19 17:41:46.620144',5,36,22,true);
INSERT INTO "results" VALUES(177,36.0,'D','','2026-06-19 17:41:46.623691','2026-06-19 17:41:46.623713',5,36,23,true);
INSERT INTO "results" VALUES(178,29.0,'F','','2026-06-19 17:41:46.628042','2026-06-19 17:41:46.628065',5,36,21,true);
INSERT INTO "results" VALUES(179,37.0,'D','','2026-06-19 17:41:46.631922','2026-06-19 17:41:46.631944',5,36,24,true);
INSERT INTO "results" VALUES(180,52.0,'C+','','2026-06-19 17:41:46.635382','2026-06-19 17:41:46.635403',5,36,25,true);
INSERT INTO "results" VALUES(181,47.0,'C','','2026-06-19 17:41:46.641008','2026-06-19 17:41:46.641033',5,37,22,true);
INSERT INTO "results" VALUES(182,71.0,'B+','','2026-06-19 17:41:46.645004','2026-06-19 17:41:46.645028',5,37,23,true);
INSERT INTO "results" VALUES(183,34.0,'D','','2026-06-19 17:41:46.649743','2026-06-19 17:41:46.649762',5,37,21,true);
INSERT INTO "results" VALUES(184,87.0,'A','','2026-06-19 17:41:46.653590','2026-06-19 17:41:46.653613',5,37,24,true);
INSERT INTO "results" VALUES(185,72.0,'B+','','2026-06-19 17:41:46.657767','2026-06-19 17:41:46.657790',5,37,25,true);
INSERT INTO "results" VALUES(186,28.0,'F','','2026-06-19 17:41:46.662175','2026-06-19 17:41:46.662198',5,38,22,true);
INSERT INTO "results" VALUES(187,46.0,'C','','2026-06-19 17:41:46.665343','2026-06-19 17:41:46.665361',5,38,23,true);
INSERT INTO "results" VALUES(188,37.0,'D','','2026-06-19 17:41:46.668370','2026-06-19 17:41:46.668388',5,38,21,true);
INSERT INTO "results" VALUES(189,78.0,'B+','','2026-06-19 17:41:46.672259','2026-06-19 17:41:46.672283',5,38,24,true);
INSERT INTO "results" VALUES(190,42.0,'C','','2026-06-19 17:41:46.676374','2026-06-19 17:41:46.676399',5,38,25,true);
INSERT INTO "results" VALUES(191,27.0,'F','','2026-06-19 17:41:46.680779','2026-06-19 17:41:46.680805',5,39,22,true);
INSERT INTO "results" VALUES(192,62.0,'B','','2026-06-19 17:41:46.685147','2026-06-19 17:41:46.685172',5,39,23,true);
INSERT INTO "results" VALUES(193,49.0,'C','','2026-06-19 17:41:46.690400','2026-06-19 17:41:46.690425',5,39,21,true);
INSERT INTO "results" VALUES(194,49.0,'C','','2026-06-19 17:41:46.694174','2026-06-19 17:41:46.694201',5,39,24,true);
INSERT INTO "results" VALUES(195,38.0,'D','','2026-06-19 17:41:46.699376','2026-06-19 17:41:46.699402',5,39,25,true);
INSERT INTO "results" VALUES(196,73.0,'B+','','2026-06-19 17:41:46.705831','2026-06-19 17:41:46.705859',5,40,22,true);
INSERT INTO "results" VALUES(197,72.0,'B+','','2026-06-19 17:41:46.716308','2026-06-19 17:41:46.716328',5,40,23,true);
INSERT INTO "results" VALUES(198,93.0,'A+','','2026-06-19 17:41:46.721464','2026-06-19 17:41:46.721496',5,40,21,true);
INSERT INTO "results" VALUES(199,61.0,'B','','2026-06-19 17:41:46.731036','2026-06-19 17:41:46.731075',5,40,24,true);
INSERT INTO "results" VALUES(200,37.0,'D','','2026-06-19 17:41:46.744489','2026-06-19 17:41:46.744527',5,40,25,true);
INSERT INTO "results" VALUES(201,60.0,'B','','2026-06-19 17:41:46.762811','2026-06-19 17:41:46.762829',6,41,27,true);
INSERT INTO "results" VALUES(202,57.0,'C+','','2026-06-19 17:41:46.768086','2026-06-19 17:41:46.768106',6,41,28,true);
INSERT INTO "results" VALUES(203,66.0,'B','','2026-06-19 17:41:46.778084','2026-06-19 17:41:46.778112',6,41,26,true);
INSERT INTO "results" VALUES(204,32.0,'F','','2026-06-19 17:41:46.782717','2026-06-19 17:41:46.782742',6,41,29,true);
INSERT INTO "results" VALUES(205,21.0,'F','','2026-06-19 17:41:46.788229','2026-06-19 17:41:46.788266',6,41,30,true);
INSERT INTO "results" VALUES(206,23.0,'F','','2026-06-19 17:41:46.792255','2026-06-19 17:41:46.792288',6,42,27,true);
INSERT INTO "results" VALUES(207,53.0,'C+','','2026-06-19 17:41:46.799792','2026-06-19 17:41:46.799831',6,42,28,true);
INSERT INTO "results" VALUES(208,83.0,'A','','2026-06-19 17:41:46.812573','2026-06-19 17:41:46.812613',6,42,26,true);
INSERT INTO "results" VALUES(209,32.0,'F','','2026-06-19 17:41:46.822684','2026-06-19 17:41:46.822708',6,42,29,true);
INSERT INTO "results" VALUES(210,36.0,'D','','2026-06-19 17:41:46.827403','2026-06-19 17:41:46.827455',6,42,30,true);
INSERT INTO "results" VALUES(211,97.0,'A+','','2026-06-19 17:41:46.836212','2026-06-19 17:41:46.836252',6,43,27,true);
INSERT INTO "results" VALUES(212,41.0,'C','','2026-06-19 17:41:46.843299','2026-06-19 17:41:46.843339',6,43,28,true);
INSERT INTO "results" VALUES(213,61.0,'B','','2026-06-19 17:41:46.853247','2026-06-19 17:41:46.853286',6,43,26,true);
INSERT INTO "results" VALUES(214,29.0,'F','','2026-06-19 17:41:46.864937','2026-06-19 17:41:46.864979',6,43,29,true);
INSERT INTO "results" VALUES(215,97.0,'A+','','2026-06-19 17:41:46.879166','2026-06-19 17:41:46.879188',6,43,30,true);
INSERT INTO "results" VALUES(216,64.0,'B','','2026-06-19 17:41:46.883869','2026-06-19 17:41:46.883888',6,44,27,true);
INSERT INTO "results" VALUES(217,93.0,'A+','','2026-06-19 17:41:46.889445','2026-06-19 17:41:46.889483',6,44,28,true);
INSERT INTO "results" VALUES(218,72.0,'B+','','2026-06-19 17:41:46.897931','2026-06-19 17:41:46.897970',6,44,26,true);
INSERT INTO "results" VALUES(219,83.0,'A','','2026-06-19 17:41:46.909686','2026-06-19 17:41:46.909730',6,44,29,true);
INSERT INTO "results" VALUES(220,79.0,'B+','','2026-06-19 17:41:46.916205','2026-06-19 17:41:46.916230',6,44,30,true);
INSERT INTO "results" VALUES(221,98.0,'A+','','2026-06-19 17:41:46.922042','2026-06-19 17:41:46.922085',6,45,27,true);
INSERT INTO "results" VALUES(222,48.0,'C','','2026-06-19 17:41:46.927972','2026-06-19 17:41:46.928013',6,45,28,true);
INSERT INTO "results" VALUES(223,100.0,'A+','','2026-06-19 17:41:46.936666','2026-06-19 17:41:46.936707',6,45,26,true);
INSERT INTO "results" VALUES(224,73.0,'B+','','2026-06-19 17:41:46.943667','2026-06-19 17:41:46.943712',6,45,29,true);
INSERT INTO "results" VALUES(225,31.0,'F','','2026-06-19 17:41:46.950708','2026-06-19 17:41:46.950742',6,45,30,true);
INSERT INTO "results" VALUES(226,42.0,'C','','2026-06-19 17:41:46.960356','2026-06-19 17:41:46.960399',6,46,27,true);
INSERT INTO "results" VALUES(227,40.0,'C','','2026-06-19 17:41:46.967572','2026-06-19 17:41:46.967603',6,46,28,true);
INSERT INTO "results" VALUES(228,75.0,'B+','','2026-06-19 17:41:46.973221','2026-06-19 17:41:46.973249',6,46,26,true);
INSERT INTO "results" VALUES(229,53.0,'C+','','2026-06-19 17:41:46.979312','2026-06-19 17:41:46.979340',6,46,29,true);
INSERT INTO "results" VALUES(230,100.0,'A+','','2026-06-19 17:41:46.984225','2026-06-19 17:41:46.984253',6,46,30,true);
INSERT INTO "results" VALUES(231,26.0,'F','','2026-06-19 17:41:46.989040','2026-06-19 17:41:46.989064',6,47,27,true);
INSERT INTO "results" VALUES(232,51.0,'C+','','2026-06-19 17:41:46.994104','2026-06-19 17:41:46.994135',6,47,28,true);
INSERT INTO "results" VALUES(233,90.0,'A+','','2026-06-19 17:41:47.001016','2026-06-19 17:41:47.001039',6,47,26,true);
INSERT INTO "results" VALUES(234,50.0,'C+','','2026-06-19 17:41:47.006698','2026-06-19 17:41:47.006722',6,47,29,true);
INSERT INTO "results" VALUES(235,92.0,'A+','','2026-06-19 17:41:47.012182','2026-06-19 17:41:47.012204',6,47,30,true);
INSERT INTO "results" VALUES(236,87.0,'A','','2026-06-19 17:41:47.016923','2026-06-19 17:41:47.016945',6,48,27,true);
INSERT INTO "results" VALUES(237,74.0,'B+','','2026-06-19 17:41:47.022987','2026-06-19 17:41:47.023014',6,48,28,true);
INSERT INTO "results" VALUES(238,28.0,'F','','2026-06-19 17:41:47.028495','2026-06-19 17:41:47.028517',6,48,26,true);
INSERT INTO "results" VALUES(239,43.0,'C','','2026-06-19 17:41:47.032674','2026-06-19 17:41:47.032696',6,48,29,true);
INSERT INTO "results" VALUES(240,34.0,'D','','2026-06-19 17:41:47.037603','2026-06-19 17:41:47.037626',6,48,30,true);
INSERT INTO "results" VALUES(241,29.0,'F','','2026-06-19 17:41:47.048475','2026-06-19 17:41:47.048493',7,49,32,true);
INSERT INTO "results" VALUES(242,41.0,'C','','2026-06-19 17:41:47.052864','2026-06-19 17:41:47.052887',7,49,33,true);
INSERT INTO "results" VALUES(243,33.0,'D','','2026-06-19 17:41:47.057557','2026-06-19 17:41:47.057577',7,49,31,true);
INSERT INTO "results" VALUES(244,51.0,'C+','','2026-06-19 17:41:47.062684','2026-06-19 17:41:47.062707',7,49,34,true);
INSERT INTO "results" VALUES(245,76.0,'B+','','2026-06-19 17:41:47.067965','2026-06-19 17:41:47.067987',7,49,35,true);
INSERT INTO "results" VALUES(246,80.0,'A','','2026-06-19 17:41:47.072052','2026-06-19 17:41:47.072072',7,50,32,true);
INSERT INTO "results" VALUES(247,66.0,'B','','2026-06-19 17:41:47.076408','2026-06-19 17:41:47.076430',7,50,33,true);
INSERT INTO "results" VALUES(248,22.0,'F','','2026-06-19 17:41:47.081705','2026-06-19 17:41:47.081735',7,50,31,true);
INSERT INTO "results" VALUES(249,46.0,'C','','2026-06-19 17:41:47.087860','2026-06-19 17:41:47.087883',7,50,34,true);
INSERT INTO "results" VALUES(250,54.0,'C+','','2026-06-19 17:41:47.092980','2026-06-19 17:41:47.093009',7,50,35,true);
INSERT INTO "results" VALUES(251,23.0,'F','','2026-06-19 17:41:47.097640','2026-06-19 17:41:47.097667',7,51,32,true);
INSERT INTO "results" VALUES(252,72.0,'B+','','2026-06-19 17:41:47.103027','2026-06-19 17:41:47.103050',7,51,33,true);
INSERT INTO "results" VALUES(253,31.0,'F','','2026-06-19 17:41:47.107762','2026-06-19 17:41:47.107793',7,51,31,true);
INSERT INTO "results" VALUES(254,22.0,'F','','2026-06-19 17:41:47.112170','2026-06-19 17:41:47.112191',7,51,34,true);
INSERT INTO "results" VALUES(255,81.0,'A','','2026-06-19 17:41:47.115933','2026-06-19 17:41:47.115953',7,51,35,true);
INSERT INTO "results" VALUES(256,81.0,'A','','2026-06-19 17:41:47.120287','2026-06-19 17:41:47.120314',7,52,32,true);
INSERT INTO "results" VALUES(257,62.0,'B','','2026-06-19 17:41:47.124231','2026-06-19 17:41:47.124251',7,52,33,true);
INSERT INTO "results" VALUES(258,82.0,'A','','2026-06-19 17:41:47.129137','2026-06-19 17:41:47.129171',7,52,31,true);
INSERT INTO "results" VALUES(259,28.0,'F','','2026-06-19 17:41:47.134256','2026-06-19 17:41:47.134275',7,52,34,true);
INSERT INTO "results" VALUES(260,61.0,'B','','2026-06-19 17:41:47.138720','2026-06-19 17:41:47.138741',7,52,35,true);
INSERT INTO "results" VALUES(261,20.0,'F','','2026-06-19 17:41:47.144290','2026-06-19 17:41:47.144313',7,53,32,true);
INSERT INTO "results" VALUES(262,44.0,'C','','2026-06-19 17:41:47.149781','2026-06-19 17:41:47.149801',7,53,33,true);
INSERT INTO "results" VALUES(263,39.0,'D','','2026-06-19 17:41:47.155618','2026-06-19 17:41:47.155641',7,53,31,true);
INSERT INTO "results" VALUES(264,57.0,'C+','','2026-06-19 17:41:47.160302','2026-06-19 17:41:47.160324',7,53,34,true);
INSERT INTO "results" VALUES(265,75.0,'B+','','2026-06-19 17:41:47.164401','2026-06-19 17:41:47.164422',7,53,35,true);
INSERT INTO "results" VALUES(266,75.0,'B+','','2026-06-19 17:41:47.167997','2026-06-19 17:41:47.168016',7,54,32,true);
INSERT INTO "results" VALUES(267,95.0,'A+','','2026-06-19 17:41:47.171585','2026-06-19 17:41:47.171604',7,54,33,true);
INSERT INTO "results" VALUES(268,38.0,'D','','2026-06-19 17:41:47.174939','2026-06-19 17:41:47.174959',7,54,31,true);
INSERT INTO "results" VALUES(269,68.0,'B','','2026-06-19 17:41:47.179167','2026-06-19 17:41:47.179188',7,54,34,true);
INSERT INTO "results" VALUES(270,66.0,'B','','2026-06-19 17:41:47.182985','2026-06-19 17:41:47.183004',7,54,35,true);
INSERT INTO "results" VALUES(271,46.0,'C','','2026-06-19 17:41:47.185891','2026-06-19 17:41:47.185909',7,55,32,true);
INSERT INTO "results" VALUES(272,45.0,'C','','2026-06-19 17:41:47.188699','2026-06-19 17:41:47.188750',7,55,33,true);
INSERT INTO "results" VALUES(273,48.0,'C','','2026-06-19 17:41:47.192760','2026-06-19 17:41:47.192781',7,55,31,true);
INSERT INTO "results" VALUES(274,98.0,'A+','','2026-06-19 17:41:47.197632','2026-06-19 17:41:47.197652',7,55,34,true);
INSERT INTO "results" VALUES(275,51.0,'C+','','2026-06-19 17:41:47.202290','2026-06-19 17:41:47.202311',7,55,35,true);
INSERT INTO "results" VALUES(276,27.0,'F','','2026-06-19 17:41:47.206825','2026-06-19 17:41:47.206846',7,56,32,true);
INSERT INTO "results" VALUES(277,47.0,'C','','2026-06-19 17:41:47.210380','2026-06-19 17:41:47.210405',7,56,33,true);
INSERT INTO "results" VALUES(278,79.0,'B+','','2026-06-19 17:41:47.213681','2026-06-19 17:41:47.213700',7,56,31,true);
INSERT INTO "results" VALUES(279,46.0,'C','','2026-06-19 17:41:47.216973','2026-06-19 17:41:47.216992',7,56,34,true);
INSERT INTO "results" VALUES(280,74.0,'B+','','2026-06-19 17:41:47.220258','2026-06-19 17:41:47.220276',7,56,35,true);
INSERT INTO "results" VALUES(281,54.0,'C+','','2026-06-19 17:41:47.227729','2026-06-19 17:41:47.227747',8,57,37,true);
INSERT INTO "results" VALUES(282,80.0,'A','','2026-06-19 17:41:47.230918','2026-06-19 17:41:47.230937',8,57,38,true);
INSERT INTO "results" VALUES(283,69.0,'B','','2026-06-19 17:41:47.235844','2026-06-19 17:41:47.235873',8,57,36,true);
INSERT INTO "results" VALUES(284,39.0,'D','','2026-06-19 17:41:47.240525','2026-06-19 17:41:47.240544',8,57,39,true);
INSERT INTO "results" VALUES(285,38.0,'D','','2026-06-19 17:41:47.244730','2026-06-19 17:41:47.244751',8,57,40,true);
INSERT INTO "results" VALUES(286,91.0,'A+','','2026-06-19 17:41:47.248039','2026-06-19 17:41:47.248058',8,58,37,true);
INSERT INTO "results" VALUES(287,81.0,'A','','2026-06-19 17:41:47.251808','2026-06-19 17:41:47.251826',8,58,38,true);
INSERT INTO "results" VALUES(288,79.0,'B+','','2026-06-19 17:41:47.257820','2026-06-19 17:41:47.257850',8,58,36,true);
INSERT INTO "results" VALUES(289,61.0,'B','','2026-06-19 17:41:47.265403','2026-06-19 17:41:47.265431',8,58,39,true);
INSERT INTO "results" VALUES(290,27.0,'F','','2026-06-19 17:41:47.271777','2026-06-19 17:41:47.271812',8,58,40,true);
INSERT INTO "results" VALUES(291,36.0,'D','','2026-06-19 17:41:47.278465','2026-06-19 17:41:47.278501',8,59,37,true);
INSERT INTO "results" VALUES(292,43.0,'C','','2026-06-19 17:41:47.284545','2026-06-19 17:41:47.284580',8,59,38,true);
INSERT INTO "results" VALUES(293,96.0,'A+','','2026-06-19 17:41:47.290635','2026-06-19 17:41:47.290668',8,59,36,true);
INSERT INTO "results" VALUES(294,35.0,'D','','2026-06-19 17:41:47.296325','2026-06-19 17:41:47.296360',8,59,39,true);
INSERT INTO "results" VALUES(295,62.0,'B','','2026-06-19 17:41:47.303301','2026-06-19 17:41:47.303331',8,59,40,true);
INSERT INTO "results" VALUES(296,49.0,'C','','2026-06-19 17:41:47.310234','2026-06-19 17:41:47.310271',8,60,37,true);
INSERT INTO "results" VALUES(297,78.0,'B+','','2026-06-19 17:41:47.317799','2026-06-19 17:41:47.317824',8,60,38,true);
INSERT INTO "results" VALUES(298,78.0,'B+','','2026-06-19 17:41:47.323513','2026-06-19 17:41:47.323547',8,60,36,true);
INSERT INTO "results" VALUES(299,58.0,'C+','','2026-06-19 17:41:47.330178','2026-06-19 17:41:47.330210',8,60,39,true);
INSERT INTO "results" VALUES(300,43.0,'C','','2026-06-19 17:41:47.335797','2026-06-19 17:41:47.335828',8,60,40,true);
INSERT INTO "results" VALUES(301,96.0,'A+','','2026-06-19 17:41:47.341361','2026-06-19 17:41:47.341390',8,61,37,true);
INSERT INTO "results" VALUES(302,82.0,'A','','2026-06-19 17:41:47.346799','2026-06-19 17:41:47.346822',8,61,38,true);
INSERT INTO "results" VALUES(303,46.0,'C','','2026-06-19 17:41:47.351430','2026-06-19 17:41:47.351453',8,61,36,true);
INSERT INTO "results" VALUES(304,88.0,'A','','2026-06-19 17:41:47.357299','2026-06-19 17:41:47.357329',8,61,39,true);
INSERT INTO "results" VALUES(305,59.0,'C+','','2026-06-19 17:41:47.362796','2026-06-19 17:41:47.362837',8,61,40,true);
INSERT INTO "results" VALUES(306,86.0,'A','','2026-06-19 17:41:47.367809','2026-06-19 17:41:47.367836',8,62,37,true);
INSERT INTO "results" VALUES(307,29.0,'F','','2026-06-19 17:41:47.371841','2026-06-19 17:41:47.371899',8,62,38,true);
INSERT INTO "results" VALUES(308,55.0,'C+','','2026-06-19 17:41:47.376641','2026-06-19 17:41:47.376669',8,62,36,true);
INSERT INTO "results" VALUES(309,39.0,'D','','2026-06-19 17:41:47.382046','2026-06-19 17:41:47.382068',8,62,39,true);
INSERT INTO "results" VALUES(310,47.0,'C','','2026-06-19 17:41:47.386915','2026-06-19 17:41:47.386953',8,62,40,true);
INSERT INTO "results" VALUES(311,92.0,'A+','','2026-06-19 17:41:47.392316','2026-06-19 17:41:47.392345',8,63,37,true);
INSERT INTO "results" VALUES(312,86.0,'A','','2026-06-19 17:41:47.397797','2026-06-19 17:41:47.397825',8,63,38,true);
INSERT INTO "results" VALUES(313,76.0,'B+','','2026-06-19 17:41:47.402060','2026-06-19 17:41:47.402081',8,63,36,true);
INSERT INTO "results" VALUES(314,100.0,'A+','','2026-06-19 17:41:47.406349','2026-06-19 17:41:47.406379',8,63,39,true);
INSERT INTO "results" VALUES(315,54.0,'C+','','2026-06-19 17:41:47.414406','2026-06-19 17:41:47.414429',8,63,40,true);
INSERT INTO "results" VALUES(316,25.0,'F','','2026-06-19 17:41:47.419445','2026-06-19 17:41:47.419469',8,64,37,true);
INSERT INTO "results" VALUES(317,89.0,'A','','2026-06-19 17:41:47.425022','2026-06-19 17:41:47.425055',8,64,38,true);
INSERT INTO "results" VALUES(318,87.0,'A','','2026-06-19 17:41:47.431462','2026-06-19 17:41:47.431496',8,64,36,true);
INSERT INTO "results" VALUES(319,75.0,'B+','','2026-06-19 17:41:47.436166','2026-06-19 17:41:47.436189',8,64,39,true);
INSERT INTO "results" VALUES(320,79.0,'B+','','2026-06-19 17:41:47.442312','2026-06-19 17:41:47.442338',8,64,40,true);
INSERT INTO "results" VALUES(321,70.0,'B+','','2026-06-19 17:41:47.460554','2026-06-19 17:41:47.460577',9,65,42,true);
INSERT INTO "results" VALUES(322,46.0,'C','','2026-06-19 17:41:47.466315','2026-06-19 17:41:47.466339',9,65,43,true);
INSERT INTO "results" VALUES(323,92.0,'A+','','2026-06-19 17:41:47.471619','2026-06-19 17:41:47.471641',9,65,41,true);
INSERT INTO "results" VALUES(324,92.0,'A+','','2026-06-19 17:41:47.478927','2026-06-19 17:41:47.478959',9,65,44,true);
INSERT INTO "results" VALUES(325,55.0,'C+','','2026-06-19 17:41:47.483565','2026-06-19 17:41:47.483587',9,65,45,true);
INSERT INTO "results" VALUES(326,39.0,'D','','2026-06-19 17:41:47.487986','2026-06-19 17:41:47.488007',9,66,42,true);
INSERT INTO "results" VALUES(327,47.0,'C','','2026-06-19 17:41:47.493903','2026-06-19 17:41:47.493930',9,66,43,true);
INSERT INTO "results" VALUES(328,55.0,'C+','','2026-06-19 17:41:47.500247','2026-06-19 17:41:47.500273',9,66,41,true);
INSERT INTO "results" VALUES(329,22.0,'F','','2026-06-19 17:41:47.505185','2026-06-19 17:41:47.505206',9,66,44,true);
INSERT INTO "results" VALUES(330,54.0,'C+','','2026-06-19 17:41:47.510703','2026-06-19 17:41:47.510722',9,66,45,true);
INSERT INTO "results" VALUES(331,79.0,'B+','','2026-06-19 17:41:47.514729','2026-06-19 17:41:47.514749',9,67,42,true);
INSERT INTO "results" VALUES(332,26.0,'F','','2026-06-19 17:41:47.518907','2026-06-19 17:41:47.518928',9,67,43,true);
INSERT INTO "results" VALUES(333,77.0,'B+','','2026-06-19 17:41:47.523042','2026-06-19 17:41:47.523074',9,67,41,true);
INSERT INTO "results" VALUES(334,54.0,'C+','','2026-06-19 17:41:47.527654','2026-06-19 17:41:47.527675',9,67,44,true);
INSERT INTO "results" VALUES(335,100.0,'A+','','2026-06-19 17:41:47.533657','2026-06-19 17:41:47.533676',9,67,45,true);
INSERT INTO "results" VALUES(336,65.0,'B','','2026-06-19 17:41:47.538349','2026-06-19 17:41:47.538376',9,68,42,true);
INSERT INTO "results" VALUES(337,61.0,'B','','2026-06-19 17:41:47.547331','2026-06-19 17:41:47.547356',9,68,43,true);
INSERT INTO "results" VALUES(338,50.0,'C+','','2026-06-19 17:41:47.551726','2026-06-19 17:41:47.551746',9,68,41,true);
INSERT INTO "results" VALUES(339,42.0,'C','','2026-06-19 17:41:47.559431','2026-06-19 17:41:47.559452',9,68,44,true);
INSERT INTO "results" VALUES(340,99.0,'A+','','2026-06-19 17:41:47.563041','2026-06-19 17:41:47.563065',9,68,45,true);
INSERT INTO "results" VALUES(341,70.0,'B+','','2026-06-19 17:41:47.571288','2026-06-19 17:41:47.571339',9,69,42,true);
INSERT INTO "results" VALUES(342,27.0,'F','','2026-06-19 17:41:47.576715','2026-06-19 17:41:47.576735',9,69,43,true);
INSERT INTO "results" VALUES(343,43.0,'C','','2026-06-19 17:41:47.584093','2026-06-19 17:41:47.584114',9,69,41,true);
INSERT INTO "results" VALUES(344,66.0,'B','','2026-06-19 17:41:47.588930','2026-06-19 17:41:47.588959',9,69,44,true);
INSERT INTO "results" VALUES(345,21.0,'F','','2026-06-19 17:41:47.593261','2026-06-19 17:41:47.593288',9,69,45,true);
INSERT INTO "results" VALUES(346,35.0,'D','','2026-06-19 17:41:47.597275','2026-06-19 17:41:47.597295',9,70,42,true);
INSERT INTO "results" VALUES(347,88.0,'A','','2026-06-19 17:41:47.600770','2026-06-19 17:41:47.600790',9,70,43,true);
INSERT INTO "results" VALUES(348,41.0,'C','','2026-06-19 17:41:47.607399','2026-06-19 17:41:47.607432',9,70,41,true);
INSERT INTO "results" VALUES(349,67.0,'B','','2026-06-19 17:41:47.612860','2026-06-19 17:41:47.612897',9,70,44,true);
INSERT INTO "results" VALUES(350,82.0,'A','','2026-06-19 17:41:47.617221','2026-06-19 17:41:47.617244',9,70,45,true);
INSERT INTO "results" VALUES(351,48.0,'C','','2026-06-19 17:41:47.621871','2026-06-19 17:41:47.621894',9,71,42,true);
INSERT INTO "results" VALUES(352,58.0,'C+','','2026-06-19 17:41:47.628011','2026-06-19 17:41:47.628037',9,71,43,true);
INSERT INTO "results" VALUES(353,29.0,'F','','2026-06-19 17:41:47.632316','2026-06-19 17:41:47.632341',9,71,41,true);
INSERT INTO "results" VALUES(354,68.0,'B','','2026-06-19 17:41:47.637508','2026-06-19 17:41:47.637533',9,71,44,true);
INSERT INTO "results" VALUES(355,63.0,'B','','2026-06-19 17:41:47.642671','2026-06-19 17:41:47.642701',9,71,45,true);
INSERT INTO "results" VALUES(356,56.0,'C+','','2026-06-19 17:41:47.648042','2026-06-19 17:41:47.648067',9,72,42,true);
INSERT INTO "results" VALUES(357,94.0,'A+','','2026-06-19 17:41:47.652735','2026-06-19 17:41:47.652758',9,72,43,true);
INSERT INTO "results" VALUES(358,92.0,'A+','','2026-06-19 17:41:47.657669','2026-06-19 17:41:47.657696',9,72,41,true);
INSERT INTO "results" VALUES(359,27.0,'F','','2026-06-19 17:41:47.663992','2026-06-19 17:41:47.664110',9,72,44,true);
INSERT INTO "results" VALUES(360,76.0,'B+','','2026-06-19 17:41:47.670383','2026-06-19 17:41:47.670405',9,72,45,true);
INSERT INTO "results" VALUES(361,86.0,'A','','2026-06-19 17:41:47.682408','2026-06-19 17:41:47.682432',10,73,47,true);
INSERT INTO "results" VALUES(362,87.0,'A','','2026-06-19 17:41:47.688135','2026-06-19 17:41:47.688157',10,73,48,true);
INSERT INTO "results" VALUES(363,37.0,'D','','2026-06-19 17:41:47.692961','2026-06-19 17:41:47.693020',10,73,46,true);
INSERT INTO "results" VALUES(364,45.0,'C','','2026-06-19 17:41:47.697922','2026-06-19 17:41:47.697943',10,73,49,true);
INSERT INTO "results" VALUES(365,62.0,'B','','2026-06-19 17:41:47.702317','2026-06-19 17:41:47.702338',10,73,50,true);
INSERT INTO "results" VALUES(366,76.0,'B+','','2026-06-19 17:41:47.706695','2026-06-19 17:41:47.706715',10,74,47,true);
INSERT INTO "results" VALUES(367,53.0,'C+','','2026-06-19 17:41:47.710035','2026-06-19 17:41:47.710055',10,74,48,true);
INSERT INTO "results" VALUES(368,23.0,'F','','2026-06-19 17:41:47.714295','2026-06-19 17:41:47.714316',10,74,46,true);
INSERT INTO "results" VALUES(369,24.0,'F','','2026-06-19 17:41:47.720844','2026-06-19 17:41:47.720865',10,74,49,true);
INSERT INTO "results" VALUES(370,63.0,'B','','2026-06-19 17:41:47.725790','2026-06-19 17:41:47.725810',10,74,50,true);
INSERT INTO "results" VALUES(371,60.0,'B','','2026-06-19 17:41:47.729920','2026-06-19 17:41:47.729941',10,75,47,true);
INSERT INTO "results" VALUES(372,49.0,'C','','2026-06-19 17:41:47.734707','2026-06-19 17:41:47.734730',10,75,48,true);
INSERT INTO "results" VALUES(373,36.0,'D','','2026-06-19 17:41:47.738812','2026-06-19 17:41:47.738835',10,75,46,true);
INSERT INTO "results" VALUES(374,53.0,'C+','','2026-06-19 17:41:47.742981','2026-06-19 17:41:47.743004',10,75,49,true);
INSERT INTO "results" VALUES(375,72.0,'B+','','2026-06-19 17:41:47.746466','2026-06-19 17:41:47.746486',10,75,50,true);
INSERT INTO "results" VALUES(376,68.0,'B','','2026-06-19 17:41:47.752186','2026-06-19 17:41:47.752211',10,76,47,true);
INSERT INTO "results" VALUES(377,59.0,'C+','','2026-06-19 17:41:47.756532','2026-06-19 17:41:47.756559',10,76,48,true);
INSERT INTO "results" VALUES(378,50.0,'C+','','2026-06-19 17:41:47.760462','2026-06-19 17:41:47.760482',10,76,46,true);
INSERT INTO "results" VALUES(379,77.0,'B+','','2026-06-19 17:41:47.764457','2026-06-19 17:41:47.764479',10,76,49,true);
INSERT INTO "results" VALUES(380,32.0,'F','','2026-06-19 17:41:47.767798','2026-06-19 17:41:47.767816',10,76,50,true);
INSERT INTO "results" VALUES(381,77.0,'B+','','2026-06-19 17:41:47.771297','2026-06-19 17:41:47.771316',10,77,47,true);
INSERT INTO "results" VALUES(382,90.0,'A+','','2026-06-19 17:41:47.778574','2026-06-19 17:41:47.778600',10,77,48,true);
INSERT INTO "results" VALUES(383,21.0,'F','','2026-06-19 17:41:47.784531','2026-06-19 17:41:47.784566',10,77,46,true);
INSERT INTO "results" VALUES(384,71.0,'B+','','2026-06-19 17:41:47.789426','2026-06-19 17:41:47.789448',10,77,49,true);
INSERT INTO "results" VALUES(385,69.0,'B','','2026-06-19 17:41:47.793876','2026-06-19 17:41:47.793896',10,77,50,true);
INSERT INTO "results" VALUES(386,24.0,'F','','2026-06-19 17:41:47.798168','2026-06-19 17:41:47.798188',10,78,47,true);
INSERT INTO "results" VALUES(387,83.0,'A','','2026-06-19 17:41:47.802894','2026-06-19 17:41:47.802917',10,78,48,true);
INSERT INTO "results" VALUES(388,48.0,'C','','2026-06-19 17:41:47.807874','2026-06-19 17:41:47.807897',10,78,46,true);
INSERT INTO "results" VALUES(389,53.0,'C+','','2026-06-19 17:41:47.812143','2026-06-19 17:41:47.812162',10,78,49,true);
INSERT INTO "results" VALUES(390,59.0,'C+','','2026-06-19 17:41:47.815872','2026-06-19 17:41:47.815896',10,78,50,true);
INSERT INTO "results" VALUES(391,26.0,'F','','2026-06-19 17:41:47.820835','2026-06-19 17:41:47.820861',10,79,47,true);
INSERT INTO "results" VALUES(392,32.0,'F','','2026-06-19 17:41:47.828154','2026-06-19 17:41:47.828180',10,79,48,true);
INSERT INTO "results" VALUES(393,36.0,'D','','2026-06-19 17:41:47.833877','2026-06-19 17:41:47.833897',10,79,46,true);
INSERT INTO "results" VALUES(394,56.0,'C+','','2026-06-19 17:41:47.837583','2026-06-19 17:41:47.837606',10,79,49,true);
INSERT INTO "results" VALUES(395,48.0,'C','','2026-06-19 17:41:47.841863','2026-06-19 17:41:47.841886',10,79,50,true);
INSERT INTO "results" VALUES(396,66.0,'B','','2026-06-19 17:41:47.845993','2026-06-19 17:41:47.846013',10,80,47,true);
INSERT INTO "results" VALUES(397,68.0,'B','','2026-06-19 17:41:47.849920','2026-06-19 17:41:47.849939',10,80,48,true);
INSERT INTO "results" VALUES(398,30.0,'F','','2026-06-19 17:41:47.853483','2026-06-19 17:41:47.853503',10,80,46,true);
INSERT INTO "results" VALUES(399,96.0,'A+','','2026-06-19 17:41:47.857794','2026-06-19 17:41:47.857820',10,80,49,true);
INSERT INTO "results" VALUES(400,92.0,'A+','','2026-06-19 17:41:47.862243','2026-06-19 17:41:47.862312',10,80,50,true);
CREATE TABLE "students" ("id" SERIAL PRIMARY KEY, "roll_number" varchar(20) NOT NULL UNIQUE, "first_name" varchar(100) NOT NULL, "last_name" varchar(100) NOT NULL, "date_of_birth" date NOT NULL, "gender" varchar(10) NOT NULL, "contact_number" varchar(15) NOT NULL, "email" varchar(254) NOT NULL, "address" text NOT NULL, "guardian_name" varchar(200) NOT NULL, "guardian_contact" varchar(15) NOT NULL, "admission_date" date NOT NULL, "profile_photo" varchar(100) NOT NULL, "is_deleted" bool NOT NULL, "created_at" timestamp with time zone NOT NULL, "updated_at" timestamp with time zone NOT NULL, "student_class_id" bigint NOT NULL REFERENCES "classes" ("id") DEFERRABLE INITIALLY DEFERRED);
INSERT INTO "students" VALUES(1,'1A001','Diya','Das','2018-10-21','female','+917825873802','student1@school.com','924, Main Street, City','Harikesh Gupta','+918766459644','2026-06-19','student_photos/OIP.webp',false,'2026-06-19 17:41:35.601571','2026-06-19 18:28:25.152556',2);
INSERT INTO "students" VALUES(2,'1A002','Krishna','Kumar','2010-10-24','male','+918979067154','student2@school.com','180, Main Street, City','Sharma Patel','+918059077678','2026-06-19','student_photos/OIP.webp',false,'2026-06-19 17:41:35.610560','2026-06-19 18:13:31.404567',2);
INSERT INTO "students" VALUES(3,'1A003','Diya','Das','2012-11-19','female','+918620720210','student3@school.com','100, Main Street, City','Reddy Reddy','+917365449698','2026-06-19','',false,'2026-06-19 17:41:35.615447','2026-06-19 17:41:35.615461',2);
INSERT INTO "students" VALUES(4,'1A004','Dhruv','Das','2017-07-05','female','+918229709740','student4@school.com','743, Main Street, City','Das Verma','+917481712159','2026-06-19','',false,'2026-06-19 17:41:35.620834','2026-06-19 17:41:35.620862',2);
INSERT INTO "students" VALUES(5,'1A005','Sai','Kumar','2010-09-20','male','+919199607442','student5@school.com','809, Main Street, City','Patel Verma','+918539852578','2026-06-19','',false,'2026-06-19 17:41:35.627747','2026-06-19 17:41:35.627773',2);
INSERT INTO "students" VALUES(6,'1A006','Aadhya','Gupta','2013-01-22','male','+917025475037','student6@school.com','329, Main Street, City','Reddy Singh','+919013968136','2026-06-19','',false,'2026-06-19 17:41:35.632183','2026-06-19 17:41:35.632209',2);
INSERT INTO "students" VALUES(7,'1A007','Vivaan','Das','2010-07-05','male','+918463262046','student7@school.com','344, Main Street, City','Reddy Joshi','+917729290656','2026-06-19','',false,'2026-06-19 17:41:35.638088','2026-06-19 17:41:35.638115',2);
INSERT INTO "students" VALUES(8,'1A008','Atharv','Gupta','2016-04-01','female','+917471079785','student8@school.com','212, Main Street, City','Das Nair','+918061863759','2026-06-19','',false,'2026-06-19 17:41:35.641662','2026-06-19 17:41:35.641676',2);
INSERT INTO "students" VALUES(9,'1B009','Dhruv','Singh','2010-12-19','male','+917649683916','student9@school.com','694, Main Street, City','Singh Kumar','+919119777928','2026-06-19','',false,'2026-06-19 17:41:35.644909','2026-06-19 17:41:35.644921',3);
INSERT INTO "students" VALUES(10,'1B010','Krishna','Reddy','2011-03-13','male','+919078642316','student10@school.com','397, Main Street, City','Singh Kumar','+918751324069','2026-06-19','',false,'2026-06-19 17:41:35.648094','2026-06-19 17:41:35.648107',3);
INSERT INTO "students" VALUES(11,'1B011','Krishna','Patel','2011-08-17','male','+918170138687','student11@school.com','434, Main Street, City','Singh Joshi','+918415402618','2026-06-19','',false,'2026-06-19 17:41:35.652301','2026-06-19 17:41:35.652326',3);
INSERT INTO "students" VALUES(12,'1B012','Ishita','Sharma','2016-08-13','male','+918876369780','student12@school.com','91, Main Street, City','Patel Nair','+919066390525','2026-06-19','',false,'2026-06-19 17:41:35.657840','2026-06-19 17:41:35.657853',3);
INSERT INTO "students" VALUES(13,'1B013','Sai','Singh','2016-02-16','male','+918675143021','student13@school.com','539, Main Street, City','Gupta Sharma','+918527823201','2026-06-19','',false,'2026-06-19 17:41:35.660967','2026-06-19 17:41:35.660981',3);
INSERT INTO "students" VALUES(14,'1B014','Diya','Sharma','2012-11-18','female','+919621017715','student14@school.com','556, Main Street, City','Joshi Das','+919944677519','2026-06-19','',false,'2026-06-19 17:41:35.663742','2026-06-19 17:41:35.663755',3);
INSERT INTO "students" VALUES(15,'1B015','Aditya','Singh','2014-04-22','male','+919810461310','student15@school.com','154, Main Street, City','Nair Joshi','+918162771054','2026-06-19','',false,'2026-06-19 17:41:35.667406','2026-06-19 17:41:35.667428',3);
INSERT INTO "students" VALUES(16,'1B016','Diya','Singh','2013-04-02','male','+919579535797','student16@school.com','982, Main Street, City','Joshi Das','+917455841827','2026-06-19','',false,'2026-06-19 17:41:35.675094','2026-06-19 17:41:35.675109',3);
INSERT INTO "students" VALUES(17,'2A017','Vihaan','Sharma','2015-09-02','male','+917110766456','student17@school.com','922, Main Street, City','Singh Verma','+917004398921','2026-06-19','',false,'2026-06-19 17:41:35.681378','2026-06-19 17:41:35.681392',4);
INSERT INTO "students" VALUES(18,'2A018','Vivaan','Verma','2017-06-22','female','+918815774922','student18@school.com','639, Main Street, City','Verma Das','+917182511064','2026-06-19','',false,'2026-06-19 17:41:35.684952','2026-06-19 17:41:35.684965',4);
INSERT INTO "students" VALUES(19,'2A019','Aditya','Reddy','2018-12-08','male','+919335593839','student19@school.com','873, Main Street, City','Nair Singh','+917321330189','2026-06-19','',false,'2026-06-19 17:41:35.689173','2026-06-19 17:41:35.689186',4);
INSERT INTO "students" VALUES(20,'2A020','Diya','Singh','2017-05-13','female','+917072198678','student20@school.com','947, Main Street, City','Singh Singh','+918758100507','2026-06-19','',false,'2026-06-19 17:41:35.692232','2026-06-19 17:41:35.692244',4);
INSERT INTO "students" VALUES(21,'2A021','Aadhya','Sharma','2017-06-03','female','+918190491145','student21@school.com','553, Main Street, City','Reddy Verma','+917319753333','2026-06-19','',false,'2026-06-19 17:41:35.695373','2026-06-19 17:41:35.695386',4);
INSERT INTO "students" VALUES(22,'2A022','Aditya','Sharma','2016-12-28','female','+918428975950','student22@school.com','257, Main Street, City','Kumar Gupta','+919089608359','2026-06-19','',false,'2026-06-19 17:41:35.698169','2026-06-19 17:41:35.698181',4);
INSERT INTO "students" VALUES(23,'2A023','Pranav','Reddy','2018-10-10','male','+918050436400','student23@school.com','445, Main Street, City','Singh Verma','+917155795326','2026-06-19','',false,'2026-06-19 17:41:35.701309','2026-06-19 17:41:35.701322',4);
INSERT INTO "students" VALUES(24,'2A024','Ishita','Kumar','2010-11-02','female','+917054969668','student24@school.com','45, Main Street, City','Reddy Sharma','+919161311473','2026-06-19','',false,'2026-06-19 17:41:35.705404','2026-06-19 17:41:35.705424',4);
INSERT INTO "students" VALUES(25,'2B025','Atharv','Verma','2015-01-06','male','+918924937068','student25@school.com','265, Main Street, City','Gupta Joshi','+917647575206','2026-06-19','',false,'2026-06-19 17:41:35.709400','2026-06-19 17:41:35.709416',5);
INSERT INTO "students" VALUES(26,'2B026','Krishna','Kumar','2013-11-21','male','+919308739299','student26@school.com','890, Main Street, City','Sharma Das','+917604593666','2026-06-19','',false,'2026-06-19 17:41:35.712615','2026-06-19 17:41:35.712629',5);
INSERT INTO "students" VALUES(27,'2B027','Ishita','Joshi','2018-04-28','male','+917378021452','student27@school.com','457, Main Street, City','Reddy Gupta','+918571576977','2026-06-19','',false,'2026-06-19 17:41:35.715354','2026-06-19 17:41:35.715367',5);
INSERT INTO "students" VALUES(28,'2B028','Anaya','Joshi','2015-10-10','male','+918244486680','student28@school.com','603, Main Street, City','Reddy Singh','+917909362936','2026-06-19','',false,'2026-06-19 17:41:35.718796','2026-06-19 17:41:35.718815',5);
INSERT INTO "students" VALUES(29,'2B029','Arjun','Reddy','2017-04-19','female','+919018715650','student29@school.com','587, Main Street, City','Verma Verma','+918264204764','2026-06-19','',false,'2026-06-19 17:41:35.723214','2026-06-19 17:41:35.723227',5);
INSERT INTO "students" VALUES(30,'2B030','Sara','Verma','2011-06-20','male','+917779344714','student30@school.com','846, Main Street, City','Sharma Nair','+917575060496','2026-06-19','',false,'2026-06-19 17:41:35.726927','2026-06-19 17:41:35.726940',5);
INSERT INTO "students" VALUES(31,'2B031','Krishna','Sharma','2012-03-14','male','+917945043494','student31@school.com','526, Main Street, City','Singh Patel','+918760203505','2026-06-19','',false,'2026-06-19 17:41:35.732067','2026-06-19 17:41:35.732093',5);
INSERT INTO "students" VALUES(32,'2B032','Sara','Das','2014-11-25','male','+917853709245','student32@school.com','496, Main Street, City','Singh Nair','+918342418908','2026-06-19','',false,'2026-06-19 17:41:35.736490','2026-06-19 17:41:35.736504',5);
INSERT INTO "students" VALUES(33,'3A033','Sara','Kumar','2015-06-22','female','+917416506987','student33@school.com','137, Main Street, City','Nair Joshi','+919299956869','2026-06-19','',false,'2026-06-19 17:41:35.740530','2026-06-19 17:41:35.740544',6);
INSERT INTO "students" VALUES(34,'3A034','Dhruv','Verma','2011-04-03','male','+918676027189','student34@school.com','957, Main Street, City','Nair Sharma','+918275478419','2026-06-19','',false,'2026-06-19 17:41:35.743291','2026-06-19 17:41:35.743304',6);
INSERT INTO "students" VALUES(35,'3A035','Arjun','Patel','2016-01-25','male','+918344861098','student35@school.com','25, Main Street, City','Reddy Verma','+917056811199','2026-06-19','',false,'2026-06-19 17:41:35.748006','2026-06-19 17:41:35.748025',6);
INSERT INTO "students" VALUES(36,'3A036','Krishna','Kumar','2017-10-19','male','+919740669849','student36@school.com','34, Main Street, City','Sharma Das','+917899007522','2026-06-19','',false,'2026-06-19 17:41:35.751585','2026-06-19 17:41:35.751600',6);
INSERT INTO "students" VALUES(37,'3A037','Vihaan','Verma','2010-07-12','female','+917159891611','student37@school.com','408, Main Street, City','Patel Joshi','+918941324624','2026-06-19','',false,'2026-06-19 17:41:35.755042','2026-06-19 17:41:35.755055',6);
INSERT INTO "students" VALUES(38,'3A038','Reyansh','Joshi','2012-03-08','female','+919517126007','student38@school.com','785, Main Street, City','Kumar Verma','+917491189078','2026-06-19','',false,'2026-06-19 17:41:35.758003','2026-06-19 17:41:35.758017',6);
INSERT INTO "students" VALUES(39,'3A039','Aditya','Gupta','2014-06-05','female','+919885031943','student39@school.com','493, Main Street, City','Verma Nair','+919876850303','2026-06-19','',false,'2026-06-19 17:41:35.762097','2026-06-19 17:41:35.762114',6);
INSERT INTO "students" VALUES(40,'3A040','Aarav','Patel','2018-08-19','female','+917745104567','student40@school.com','886, Main Street, City','Patel Nair','+918574159884','2026-06-19','',false,'2026-06-19 17:41:35.765494','2026-06-19 17:41:35.765508',6);
INSERT INTO "students" VALUES(41,'3B041','Dhruv','Patel','2010-04-20','male','+918432723392','student41@school.com','327, Main Street, City','Singh Sharma','+919239466610','2026-06-19','',false,'2026-06-19 17:41:35.769264','2026-06-19 17:41:35.769329',7);
INSERT INTO "students" VALUES(42,'3B042','Vivaan','Sharma','2014-03-12','male','+917772762668','student42@school.com','238, Main Street, City','Das Patel','+918610989340','2026-06-19','',false,'2026-06-19 17:41:35.774607','2026-06-19 17:41:35.774621',7);
INSERT INTO "students" VALUES(43,'3B043','Arjun','Singh','2018-03-25','female','+919493617388','student43@school.com','410, Main Street, City','Sharma Sharma','+918522863258','2026-06-19','',false,'2026-06-19 17:41:35.778357','2026-06-19 17:41:35.778371',7);
INSERT INTO "students" VALUES(44,'3B044','Krishna','Verma','2015-02-09','female','+919391280076','student44@school.com','889, Main Street, City','Das Sharma','+917090048041','2026-06-19','',false,'2026-06-19 17:41:35.781438','2026-06-19 17:41:35.781453',7);
INSERT INTO "students" VALUES(45,'3B045','Arjun','Singh','2015-08-28','female','+918389836721','student45@school.com','869, Main Street, City','Verma Sharma','+918644900655','2026-06-19','',false,'2026-06-19 17:41:35.784921','2026-06-19 17:41:35.784937',7);
INSERT INTO "students" VALUES(46,'3B046','Shaurya','Nair','2010-01-18','male','+918389845241','student46@school.com','769, Main Street, City','Joshi Verma','+917770450756','2026-06-19','',false,'2026-06-19 17:41:35.789482','2026-06-19 17:41:35.789501',7);
INSERT INTO "students" VALUES(47,'3B047','Diya','Gupta','2012-01-11','female','+917340290406','student47@school.com','178, Main Street, City','Reddy Verma','+917513855209','2026-06-19','',false,'2026-06-19 17:41:35.792638','2026-06-19 17:41:35.792651',7);
INSERT INTO "students" VALUES(48,'3B048','Vivaan','Reddy','2014-07-20','male','+917060542690','student48@school.com','545, Main Street, City','Sharma Patel','+919944967397','2026-06-19','',false,'2026-06-19 17:41:35.795864','2026-06-19 17:41:35.795878',7);
INSERT INTO "students" VALUES(49,'4A049','Sai','Kumar','2012-10-05','male','+918539449240','student49@school.com','970, Main Street, City','Singh Singh','+918474952628','2026-06-19','',false,'2026-06-19 17:41:35.799049','2026-06-19 17:41:35.799061',8);
INSERT INTO "students" VALUES(50,'4A050','Sai','Sharma','2012-02-03','male','+917307030369','student50@school.com','753, Main Street, City','Gupta Joshi','+919590304979','2026-06-19','',false,'2026-06-19 17:41:35.802424','2026-06-19 17:41:35.802437',8);
INSERT INTO "students" VALUES(51,'4A051','Dhruv','Das','2015-12-22','female','+918618163338','student51@school.com','522, Main Street, City','Singh Gupta','+917907649107','2026-06-19','',false,'2026-06-19 17:41:35.807260','2026-06-19 17:41:35.807274',8);
INSERT INTO "students" VALUES(52,'4A052','Krishna','Verma','2011-05-04','male','+919622300498','student52@school.com','960, Main Street, City','Joshi Verma','+918237088924','2026-06-19','',false,'2026-06-19 17:41:35.810902','2026-06-19 17:41:35.810916',8);
INSERT INTO "students" VALUES(53,'4A053','Pranav','Gupta','2013-09-15','male','+918798844152','student53@school.com','658, Main Street, City','Sharma Joshi','+918052490737','2026-06-19','',false,'2026-06-19 17:41:35.813777','2026-06-19 17:41:35.813790',8);
INSERT INTO "students" VALUES(54,'4A054','Riya','Verma','2015-08-26','female','+917337223504','student54@school.com','114, Main Street, City','Joshi Joshi','+918038619820','2026-06-19','',false,'2026-06-19 17:41:35.816755','2026-06-19 17:41:35.816767',8);
INSERT INTO "students" VALUES(55,'4A055','Vihaan','Verma','2015-08-22','male','+917527727407','student55@school.com','21, Main Street, City','Reddy Kumar','+919816190253','2026-06-19','',false,'2026-06-19 17:41:35.820857','2026-06-19 17:41:35.820873',8);
INSERT INTO "students" VALUES(56,'4A056','Vihaan','Patel','2014-01-11','male','+917376224096','student56@school.com','750, Main Street, City','Kumar Gupta','+919226653868','2026-06-19','',false,'2026-06-19 17:41:35.825652','2026-06-19 17:41:35.825666',8);
INSERT INTO "students" VALUES(57,'4B057','Saanvi','Sharma','2011-11-08','female','+917024742549','student57@school.com','248, Main Street, City','Verma Kumar','+919273943731','2026-06-19','',false,'2026-06-19 17:41:35.833896','2026-06-19 17:41:35.833912',9);
INSERT INTO "students" VALUES(58,'4B058','Ishita','Gupta','2016-05-15','male','+917748449246','student58@school.com','323, Main Street, City','Singh Joshi','+919789637505','2026-06-19','',false,'2026-06-19 17:41:35.841185','2026-06-19 17:41:35.841199',9);
INSERT INTO "students" VALUES(59,'4B059','Shaurya','Singh','2010-10-13','male','+919664319723','student59@school.com','843, Main Street, City','Joshi Joshi','+917655468216','2026-06-19','',false,'2026-06-19 17:41:35.844365','2026-06-19 17:41:35.844379',9);
INSERT INTO "students" VALUES(60,'4B060','Aadhya','Joshi','2011-03-01','female','+919728829963','student60@school.com','746, Main Street, City','Nair Joshi','+917771919628','2026-06-19','',false,'2026-06-19 17:41:35.848125','2026-06-19 17:41:35.848140',9);
INSERT INTO "students" VALUES(61,'4B061','Saanvi','Singh','2011-08-22','female','+917790403301','student61@school.com','566, Main Street, City','Kumar Das','+917442413564','2026-06-19','',false,'2026-06-19 17:41:35.852555','2026-06-19 18:13:05.849345',9);
INSERT INTO "students" VALUES(62,'4B062','Ishita','Nair','2011-12-27','female','+919867223140','student62@school.com','482, Main Street, City','Reddy Verma','+918476133377','2026-06-19','',false,'2026-06-19 17:41:35.857445','2026-06-19 17:41:35.857459',9);
INSERT INTO "students" VALUES(63,'4B063','Pranav','Kumar','2011-03-11','male','+918604227068','student63@school.com','28, Main Street, City','Patel Joshi','+917913103921','2026-06-19','',false,'2026-06-19 17:41:35.860797','2026-06-19 17:41:35.860810',9);
INSERT INTO "students" VALUES(64,'4B064','Sai','Patel','2014-01-12','male','+919472470481','student64@school.com','990, Main Street, City','Gupta Singh','+918739292081','2026-06-19','',false,'2026-06-19 17:41:35.863932','2026-06-19 17:41:35.863945',9);
INSERT INTO "students" VALUES(65,'5A065','Vihaan','Singh','2013-12-27','female','+919853882024','student65@school.com','822, Main Street, City','Verma Nair','+919414119689','2026-06-19','',false,'2026-06-19 17:41:35.866996','2026-06-19 17:41:35.867008',10);
INSERT INTO "students" VALUES(66,'5A066','Aanya','Singh','2014-04-23','male','+918931718996','student66@school.com','45, Main Street, City','Verma Das','+917832288699','2026-06-19','',false,'2026-06-19 17:41:35.870371','2026-06-19 17:41:35.870391',10);
INSERT INTO "students" VALUES(67,'5A067','Shaurya','Verma','2017-08-24','male','+917664824288','student67@school.com','64, Main Street, City','Joshi Nair','+919595283812','2026-06-19','',false,'2026-06-19 17:41:35.875113','2026-06-19 17:41:35.875127',10);
INSERT INTO "students" VALUES(68,'5A068','Ishita','Verma','2016-08-13','female','+918577552462','student68@school.com','881, Main Street, City','Nair Verma','+918511668022','2026-06-19','',false,'2026-06-19 17:41:35.878315','2026-06-19 17:41:35.878328',10);
INSERT INTO "students" VALUES(69,'5A069','Anaya','Nair','2016-08-17','female','+918872388858','student69@school.com','30, Main Street, City','Singh Kumar','+919144003354','2026-06-19','',false,'2026-06-19 17:41:35.881541','2026-06-19 17:41:35.881554',10);
INSERT INTO "students" VALUES(70,'5A070','Vivaan','Singh','2017-01-26','female','+918247493798','student70@school.com','818, Main Street, City','Reddy Joshi','+919576369524','2026-06-19','',false,'2026-06-19 17:41:35.884627','2026-06-19 17:41:35.884640',10);
INSERT INTO "students" VALUES(71,'5A071','Vivaan','Patel','2017-02-24','female','+918841238670','student71@school.com','932, Main Street, City','Das Kumar','+917328366755','2026-06-19','',false,'2026-06-19 17:41:35.890730','2026-06-19 17:41:35.890747',10);
INSERT INTO "students" VALUES(72,'5A072','Aadhya','Sharma','2013-11-08','female','+918484292119','student72@school.com','555, Main Street, City','Das Sharma','+917200401856','2026-06-19','',false,'2026-06-19 17:41:35.894492','2026-06-19 17:41:35.894509',10);
INSERT INTO "students" VALUES(73,'5B073','Sai','Sharma','2012-09-18','female','+919021083263','student73@school.com','326, Main Street, City','Gupta Nair','+917093555234','2026-06-19','',false,'2026-06-19 17:41:35.897492','2026-06-19 17:41:35.897505',11);
INSERT INTO "students" VALUES(74,'5B074','Reyansh','Patel','2018-07-28','male','+917813992616','student74@school.com','910, Main Street, City','Kumar Reddy','+919313319255','2026-06-19','',false,'2026-06-19 17:41:35.900442','2026-06-19 17:41:35.900454',11);
INSERT INTO "students" VALUES(75,'5B075','Vivaan','Das','2018-06-15','male','+918627519634','student75@school.com','662, Main Street, City','Singh Patel','+919556621464','2026-06-19','',false,'2026-06-19 17:41:35.903908','2026-06-19 17:41:35.903924',11);
INSERT INTO "students" VALUES(76,'5B076','Riya','Joshi','2011-10-27','female','+919855543540','student76@school.com','225, Main Street, City','Verma Sharma','+917093617392','2026-06-19','',false,'2026-06-19 17:41:35.907677','2026-06-19 17:41:35.907693',11);
INSERT INTO "students" VALUES(77,'5B077','Anaya','Verma','2012-05-22','female','+918590535272','student77@school.com','182, Main Street, City','Gupta Sharma','+918703674008','2026-06-19','',false,'2026-06-19 17:41:35.911515','2026-06-19 17:41:35.911530',11);
INSERT INTO "students" VALUES(78,'5B078','Atharv','Gupta','2011-12-23','female','+917456337595','student78@school.com','398, Main Street, City','Joshi Singh','+917966908021','2026-06-19','',false,'2026-06-19 17:41:35.916209','2026-06-19 17:41:35.916224',11);
INSERT INTO "students" VALUES(79,'5B079','Aditya','Joshi','2013-11-26','male','+918419627693','student79@school.com','847, Main Street, City','Verma Joshi','+918931447462','2026-06-19','',false,'2026-06-19 17:41:35.919871','2026-06-19 17:41:35.919885',11);
INSERT INTO "students" VALUES(80,'5B080','Saanvi','Patel','2012-02-18','female','+917946233940','student80@school.com','956, Main Street, City','Joshi Sharma','+919574305717','2026-06-19','',false,'2026-06-19 17:41:35.923457','2026-06-19 17:41:35.923470',11);
CREATE TABLE "subjects" ("id" SERIAL PRIMARY KEY, "name" varchar(100) NOT NULL, "code" varchar(20) NOT NULL UNIQUE, "is_language" bool NOT NULL, "max_marks" integer NOT NULL, "pass_marks" integer NOT NULL, "student_class_id" bigint NOT NULL REFERENCES "classes" ("id") DEFERRABLE INITIALLY DEFERRED);
INSERT INTO "subjects" VALUES(1,'Mathematics','MAT-1A',false,100,33,2);
INSERT INTO "subjects" VALUES(2,'English','ENG-1A',false,100,33,2);
INSERT INTO "subjects" VALUES(3,'Hindi','HIN-1A',false,100,33,2);
INSERT INTO "subjects" VALUES(4,'Science','SCI-1A',false,100,33,2);
INSERT INTO "subjects" VALUES(5,'Social Studies','SOC-1A',false,100,33,2);
INSERT INTO "subjects" VALUES(6,'Mathematics','MAT-1B',false,100,33,3);
INSERT INTO "subjects" VALUES(7,'English','ENG-1B',false,100,33,3);
INSERT INTO "subjects" VALUES(8,'Hindi','HIN-1B',false,100,33,3);
INSERT INTO "subjects" VALUES(9,'Science','SCI-1B',false,100,33,3);
INSERT INTO "subjects" VALUES(10,'Social Studies','SOC-1B',false,100,33,3);
INSERT INTO "subjects" VALUES(11,'Mathematics','MAT-2A',false,100,33,4);
INSERT INTO "subjects" VALUES(12,'English','ENG-2A',false,100,33,4);
INSERT INTO "subjects" VALUES(13,'Hindi','HIN-2A',false,100,33,4);
INSERT INTO "subjects" VALUES(14,'Science','SCI-2A',false,100,33,4);
INSERT INTO "subjects" VALUES(15,'Social Studies','SOC-2A',false,100,33,4);
INSERT INTO "subjects" VALUES(16,'Mathematics','MAT-2B',false,100,33,5);
INSERT INTO "subjects" VALUES(17,'English','ENG-2B',false,100,33,5);
INSERT INTO "subjects" VALUES(18,'Hindi','HIN-2B',false,100,33,5);
INSERT INTO "subjects" VALUES(19,'Science','SCI-2B',false,100,33,5);
INSERT INTO "subjects" VALUES(20,'Social Studies','SOC-2B',false,100,33,5);
INSERT INTO "subjects" VALUES(21,'Mathematics','MAT-3A',false,100,33,6);
INSERT INTO "subjects" VALUES(22,'English','ENG-3A',false,100,33,6);
INSERT INTO "subjects" VALUES(23,'Hindi','HIN-3A',false,100,33,6);
INSERT INTO "subjects" VALUES(24,'Science','SCI-3A',false,100,33,6);
INSERT INTO "subjects" VALUES(25,'Social Studies','SOC-3A',false,100,33,6);
INSERT INTO "subjects" VALUES(26,'Mathematics','MAT-3B',false,100,33,7);
INSERT INTO "subjects" VALUES(27,'English','ENG-3B',false,100,33,7);
INSERT INTO "subjects" VALUES(28,'Hindi','HIN-3B',false,100,33,7);
INSERT INTO "subjects" VALUES(29,'Science','SCI-3B',false,100,33,7);
INSERT INTO "subjects" VALUES(30,'Social Studies','SOC-3B',false,100,33,7);
INSERT INTO "subjects" VALUES(31,'Mathematics','MAT-4A',false,100,33,8);
INSERT INTO "subjects" VALUES(32,'English','ENG-4A',false,100,33,8);
INSERT INTO "subjects" VALUES(33,'Hindi','HIN-4A',false,100,33,8);
INSERT INTO "subjects" VALUES(34,'Science','SCI-4A',false,100,33,8);
INSERT INTO "subjects" VALUES(35,'Social Studies','SOC-4A',false,100,33,8);
INSERT INTO "subjects" VALUES(36,'Mathematics','MAT-4B',false,100,33,9);
INSERT INTO "subjects" VALUES(37,'English','ENG-4B',false,100,33,9);
INSERT INTO "subjects" VALUES(38,'Hindi','HIN-4B',false,100,33,9);
INSERT INTO "subjects" VALUES(39,'Science','SCI-4B',false,100,33,9);
INSERT INTO "subjects" VALUES(40,'Social Studies','SOC-4B',false,100,33,9);
INSERT INTO "subjects" VALUES(41,'Mathematics','MAT-5A',false,100,33,10);
INSERT INTO "subjects" VALUES(42,'English','ENG-5A',false,100,33,10);
INSERT INTO "subjects" VALUES(43,'Hindi','HIN-5A',false,100,33,10);
INSERT INTO "subjects" VALUES(44,'Science','SCI-5A',false,100,33,10);
INSERT INTO "subjects" VALUES(45,'Social Studies','SOC-5A',false,100,33,10);
INSERT INTO "subjects" VALUES(46,'Mathematics','MAT-5B',false,100,33,11);
INSERT INTO "subjects" VALUES(47,'English','ENG-5B',false,100,33,11);
INSERT INTO "subjects" VALUES(48,'Hindi','HIN-5B',false,100,33,11);
INSERT INTO "subjects" VALUES(49,'Science','SCI-5B',false,100,33,11);
INSERT INTO "subjects" VALUES(50,'Social Studies','SOC-5B',false,100,33,11);
CREATE TABLE "users" ("id" SERIAL PRIMARY KEY, "password" varchar(128) NOT NULL, "last_login" timestamp with time zone NULL, "is_superuser" bool NOT NULL, "username" varchar(150) NOT NULL UNIQUE, "first_name" varchar(150) NOT NULL, "last_name" varchar(150) NOT NULL, "email" varchar(254) NOT NULL, "is_staff" bool NOT NULL, "is_active" bool NOT NULL, "date_joined" timestamp with time zone NOT NULL, "role" varchar(10) NOT NULL, "phone" varchar(15) NOT NULL, "profile_pic" varchar(100) NOT NULL);
INSERT INTO "users" VALUES(1,'pbkdf2_sha256$1200000$z7NTG4xEoyMpPoI9iM9jJh$zT76iAntOdEx/RzxebOxYe7nHWtuivdODLaxi6Cu0r8=','2026-06-19 18:18:59.232781',true,'admin','','','admin@example.com',true,true,'2026-06-19 17:40:45.929630','admin','','');
INSERT INTO "users" VALUES(4,'pbkdf2_sha256$1200000$hZUxlFej2O35N46z6TIJ0w$EhZPwNROZNvkIlbTDRV+apKnLdjG+BleQJAR7bxAfEo=',NULL,false,'teacher','John','Doe','teacher@school.com',false,true,'2026-06-19 17:41:34.152117','teacher','','');
INSERT INTO "users" VALUES(5,'pbkdf2_sha256$1200000$CxAd5idPv3eCQTeyKvYFy0$Og9NaKqK4GvaLqueoPdNujhEumJwiRDrGMGJAy1Y/pw=',NULL,false,'teacher2','Jane','Smith','teacher2@school.com',false,true,'2026-06-19 17:41:34.779185','teacher','','');
INSERT INTO "users" VALUES(6,'pbkdf2_sha256$1200000$wHQmJd8hpcrx4GM60cVijo$Jk7ol/7fmGudzIqRccAGwyiec/eHnYp9kFlgU5b1QXQ=','2026-06-19 17:49:27.343616',false,'miracle','Adbhut','Patel','adbhut@gmail.com',false,true,'2026-06-19 17:49:26.548856','teacher','6389371725','');
INSERT INTO "users" VALUES(7,'pbkdf2_sha256$1200000$FyFhIRzkUchJnfpVa7fIoO$UuXLRhswdGpq0QHMaOiny1PisYZjcJHX7vYO2mWRElc=','2026-06-19 18:11:26.775191',false,'shri','shrikant','chaurasiya','shrikant@gmail.com',false,true,'2026-06-19 18:00:34','student','7355475265','');
CREATE TABLE "users_groups" ("id" SERIAL PRIMARY KEY, "user_id" bigint NOT NULL REFERENCES "users" ("id") DEFERRABLE INITIALLY DEFERRED, "group_id" integer NOT NULL REFERENCES "auth_group" ("id") DEFERRABLE INITIALLY DEFERRED);
CREATE TABLE "users_user_permissions" ("id" SERIAL PRIMARY KEY, "user_id" bigint NOT NULL REFERENCES "users" ("id") DEFERRABLE INITIALLY DEFERRED, "permission_id" integer NOT NULL REFERENCES "auth_permission" ("id") DEFERRABLE INITIALLY DEFERRED);
CREATE UNIQUE INDEX "django_content_type_app_label_model_76bd3d3b_uniq" ON "django_content_type" ("app_label", "model");
CREATE UNIQUE INDEX "auth_group_permissions_group_id_permission_id_0cd325b0_uniq" ON "auth_group_permissions" ("group_id", "permission_id");
CREATE INDEX "auth_group_permissions_group_id_b120cbf9" ON "auth_group_permissions" ("group_id");
CREATE INDEX "auth_group_permissions_permission_id_84c5c92e" ON "auth_group_permissions" ("permission_id");
CREATE UNIQUE INDEX "auth_permission_content_type_id_codename_01ab375a_uniq" ON "auth_permission" ("content_type_id", "codename");
CREATE INDEX "auth_permission_content_type_id_2f476e4b" ON "auth_permission" ("content_type_id");
CREATE UNIQUE INDEX "users_groups_user_id_group_id_fc7788e8_uniq" ON "users_groups" ("user_id", "group_id");
CREATE INDEX "users_groups_user_id_f500bee5" ON "users_groups" ("user_id");
CREATE INDEX "users_groups_group_id_2f3517aa" ON "users_groups" ("group_id");
CREATE UNIQUE INDEX "users_user_permissions_user_id_permission_id_3b86cbdf_uniq" ON "users_user_permissions" ("user_id", "permission_id");
CREATE INDEX "users_user_permissions_user_id_92473840" ON "users_user_permissions" ("user_id");
CREATE INDEX "users_user_permissions_permission_id_6d08dcd2" ON "users_user_permissions" ("permission_id");
CREATE INDEX "django_admin_log_content_type_id_c4bce8eb" ON "django_admin_log" ("content_type_id");
CREATE INDEX "django_admin_log_user_id_c564eba6" ON "django_admin_log" ("user_id");
CREATE INDEX "students_student_class_id_46a996a5" ON "students" ("student_class_id");
CREATE UNIQUE INDEX "attendance_student_id_date_e07e4341_uniq" ON "attendance" ("student_id", "date");
CREATE INDEX "attendance_marked_by_id_d3f29cac" ON "attendance" ("marked_by_id");
CREATE INDEX "attendance_student_id_d55196c7" ON "attendance" ("student_id");
CREATE INDEX "attendance_student_class_id_9b7f8819" ON "attendance" ("student_class_id");
CREATE INDEX "exams_student_class_id_26a8b3af" ON "exams" ("student_class_id");
CREATE UNIQUE INDEX "subjects_code_student_class_id_611ba9c4_uniq" ON "subjects" ("code", "student_class_id");
CREATE INDEX "subjects_student_class_id_f48d00ab" ON "subjects" ("student_class_id");
CREATE INDEX "django_session_expire_date_a5c62663" ON "django_session" ("expire_date");
CREATE UNIQUE INDEX "classes_name_section_aa231816_uniq" ON "classes" ("name", "section");
CREATE UNIQUE INDEX "results_student_id_exam_id_subject_id_bac0c29f_uniq" ON "results" ("student_id", "exam_id", "subject_id");
CREATE INDEX "results_exam_id_ac777c45" ON "results" ("exam_id");
CREATE INDEX "results_student_id_d573a18f" ON "results" ("student_id");
CREATE INDEX "results_subject_id_b73e024d" ON "results" ("subject_id");
COMMIT;